EmpID,Age,AgeGroup,Attrition,Department,DistanceFromHome,Education,EducationField,Gender,JobRole,JobSatisfaction,MonthlyIncome,SalarySlab,NumCompaniesWorked,OverTime,TotalWorkingYears,YearsAtCompany,YearsInCurrentRole,AttritionRate
1,19,18-25,No,Human Resources,24,1,Other,Male,Human Resources,4,10012,10k-15k,0,Yes,5,13,7,
2,53,46-55,No,Human Resources,15,5,Marketing,Male,Human Resources,2,7515,5k-10k,6,No,17,9,6,
3,23,18-25,No,Research & Development,12,5,Marketing,Male,Research Scientist,4,13449,10k-15k,8,Yes,24,5,17,
4,41,36-45,No,Research & Development,2,2,Marketing,Male,Research Director,2,19918,15k+,1,No,17,12,11,
5,40,36-45,No,Sales,22,1,Human Resources,Male,Sales Representative,2,7865,5k-10k,2,No,24,17,17,
6,38,36-45,No,Sales,26,3,Technical Degree,Female,Manager,1,2832,Upto 5k,3,No,13,14,12,
7,27,26-35,No,Human Resources,18,5,Marketing,Female,Manager,4,9679,5k-10k,5,Yes,8,8,15,
8,25,18-25,Yes,Sales,22,4,Human Resources,Male,Sales Executive,4,6008,5k-10k,6,No,33,16,17,
9,25,18-25,No,Sales,11,1,Marketing,Female,Manager,2,18595,15k+,7,Yes,16,17,5,
10,58,55+,No,Human Resources,7,2,Marketing,Male,Human Resources,1,10779,10k-15k,9,No,31,1,3,
11,33,26-35,No,Research & Development,3,1,Other,Female,Healthcare Representative,1,2898,Upto 5k,8,Yes,8,15,17,
12,51,46-55,No,Sales,25,2,Other,Female,Sales Representative,4,14865,10k-15k,5,No,33,13,3,
13,22,18-25,No,Sales,8,5,Medical,Male,Sales Executive,1,12078,10k-15k,0,Yes,4,1,10,
14,33,26-35,No,Sales,5,5,Human Resources,Female,Manager,2,10125,10k-15k,7,No,12,6,3,
15,40,36-45,No,Human Resources,24,1,Other,Male,Manager,1,14879,10k-15k,6,No,6,15,6,
16,46,46-55,Yes,Sales,15,2,Life Sciences,Female,Manager,1,5593,5k-10k,0,Yes,5,15,5,
17,48,46-55,No,Research & Development,6,4,Life Sciences,Female,Manufacturing Director,3,8004,5k-10k,7,No,27,25,15,
18,36,36-45,No,Sales,18,1,Other,Female,Sales Executive,1,8133,5k-10k,0,No,32,3,5,
19,23,18-25,No,Sales,22,2,Technical Degree,Male,Manager,2,7089,5k-10k,9,Yes,39,4,13,
20,34,26-35,No,Human Resources,13,2,Other,Female,Manager,4,7693,5k-10k,5,Yes,0,20,18,
21,52,46-55,No,Sales,12,1,Medical,Female,Sales Executive,3,7984,5k-10k,2,No,34,19,16,
22,53,46-55,No,Sales,5,3,Life Sciences,Male,Manager,2,10810,10k-15k,4,No,38,6,10,
23,58,55+,No,Sales,29,1,Life Sciences,Female,Manager,3,9650,5k-10k,0,Yes,21,8,8,
24,46,46-55,No,Sales,4,1,Other,Male,Manager,1,19077,15k+,5,Yes,27,8,1,
25,20,18-25,No,Research & Development,22,1,Marketing,Female,Healthcare Representative,2,12724,10k-15k,3,Yes,11,13,0,
26,39,36-45,No,Sales,26,1,Technical Degree,Male,Manager,4,14491,10k-15k,3,Yes,29,15,9,
27,19,18-25,No,Sales,28,1,Marketing,Female,Sales Executive,4,7328,5k-10k,8,No,1,7,8,
28,34,26-35,No,Sales,12,3,Technical Degree,Male,Manager,4,2253,Upto 5k,9,Yes,16,2,13,
29,52,46-55,No,Sales,22,3,Human Resources,Female,Manager,1,7456,5k-10k,4,No,26,20,12,
30,53,46-55,No,Human Resources,13,2,Human Resources,Female,Manager,4,5170,5k-10k,8,Yes,19,12,6,
31,56,55+,No,Research & Development,22,2,Human Resources,Female,Research Director,2,11559,10k-15k,1,No,32,29,10,
32,37,36-45,Yes,Sales,2,2,Technical Degree,Male,Sales Executive,4,8361,5k-10k,6,Yes,24,12,12,
33,59,55+,No,Sales,8,2,Other,Female,Sales Executive,1,1181,Upto 5k,8,Yes,7,6,4,
34,53,46-55,No,Research & Development,24,5,Technical Degree,Female,Research Director,2,11397,10k-15k,7,No,16,15,8,
35,58,55+,No,Human Resources,23,3,Medical,Female,Manager,3,8839,5k-10k,5,Yes,8,9,7,
36,31,26-35,No,Research & Development,18,4,Technical Degree,Male,Laboratory Technician,2,3104,Upto 5k,6,No,37,1,18,
37,18,18-25,No,Research & Development,28,4,Human Resources,Male,Manufacturing Director,4,12526,10k-15k,3,No,27,19,0,
38,60,55+,No,Research & Development,5,5,Human Resources,Male,Healthcare Representative,4,14248,10k-15k,9,Yes,5,10,4,
39,21,18-25,No,Research & Development,15,3,Marketing,Female,Laboratory Technician,3,9524,5k-10k,6,No,5,24,0,
40,40,36-45,No,Human Resources,21,1,Life Sciences,Male,Human Resources,2,8347,5k-10k,0,Yes,15,4,15,
41,54,46-55,No,Human Resources,25,3,Medical,Male,Human Resources,2,8142,5k-10k,4,Yes,37,1,9,
42,43,36-45,No,Human Resources,27,2,Life Sciences,Female,Manager,1,7498,5k-10k,9,Yes,22,4,13,
43,22,18-25,Yes,Human Resources,14,4,Life Sciences,Female,Manager,3,17579,15k+,7,Yes,27,11,16,
44,57,55+,No,Human Resources,27,5,Marketing,Female,Manager,2,18634,15k+,1,No,28,15,14,
45,39,36-45,No,Human Resources,6,4,Medical,Female,Manager,3,1940,Upto 5k,5,No,38,17,17,
46,30,26-35,No,Sales,16,5,Medical,Female,Manager,4,3805,Upto 5k,7,Yes,5,15,7,
47,37,36-45,No,Research & Development,12,4,Other,Female,Laboratory Technician,3,13092,10k-15k,7,No,19,16,7,
48,30,26-35,No,Sales,25,2,Medical,Male,Manager,4,11339,10k-15k,4,No,6,7,9,
49,29,26-35,No,Sales,5,3,Life Sciences,Male,Sales Representative,3,10904,10k-15k,2,No,6,0,18,
50,48,46-55,No,Research & Development,2,3,Technical Degree,Male,Manufacturing Director,1,15433,15k+,6,No,4,21,1,
51,54,46-55,No,Sales,4,5,Technical Degree,Male,Sales Executive,4,10956,10k-15k,7,No,19,5,13,
52,57,55+,No,Research & Development,4,2,Other,Male,Research Director,3,2973,Upto 5k,1,Yes,15,11,17,
53,18,18-25,No,Sales,16,3,Life Sciences,Male,Sales Executive,3,14386,10k-15k,4,No,4,14,8,
54,45,36-45,No,Human Resources,5,3,Medical,Male,Human Resources,1,4760,Upto 5k,2,No,38,34,9,
55,47,46-55,No,Research & Development,17,5,Technical Degree,Female,Research Scientist,1,10964,10k-15k,9,Yes,27,20,8,
56,32,26-35,No,Sales,25,3,Human Resources,Male,Sales Executive,2,19848,15k+,7,No,17,11,18,
57,23,18-25,No,Research & Development,11,1,Medical,Female,Manufacturing Director,4,16401,15k+,7,No,25,22,1,
58,38,36-45,Yes,Research & Development,25,4,Human Resources,Male,Research Scientist,4,9270,5k-10k,6,Yes,12,20,11,
59,58,55+,No,Human Resources,18,2,Marketing,Female,Manager,4,15484,15k+,1,Yes,40,3,7,
60,37,36-45,No,Human Resources,3,2,Life Sciences,Female,Human Resources,1,19049,15k+,2,No,18,0,8,
61,48,46-55,No,Research & Development,13,2,Human Resources,Male,Manufacturing Director,1,8986,5k-10k,4,No,21,29,8,
62,37,36-45,No,Sales,16,3,Marketing,Female,Sales Representative,4,17044,15k+,5,Yes,15,9,12,
63,20,18-25,No,Sales,26,4,Technical Degree,Male,Sales Representative,4,11426,10k-15k,0,Yes,32,30,10,
64,24,18-25,Yes,Sales,5,4,Other,Male,Sales Representative,1,18234,15k+,7,No,21,29,12,
65,39,36-45,No,Human Resources,21,4,Human Resources,Male,Human Resources,1,18485,15k+,3,No,14,5,13,
66,24,18-25,No,Sales,29,1,Life Sciences,Female,Manager,1,15538,15k+,4,No,23,10,4,
67,44,36-45,Yes,Sales,3,5,Technical Degree,Male,Manager,4,19544,15k+,9,Yes,14,11,8,
68,60,55+,No,Research & Development,22,5,Medical,Male,Healthcare Representative,4,1307,Upto 5k,5,No,40,27,8,
69,30,26-35,Yes,Research & Development,13,5,Marketing,Female,Healthcare Representative,3,13605,10k-15k,0,No,17,0,18,
70,56,55+,No,Human Resources,8,5,Marketing,Male,Human Resources,2,17276,15k+,9,No,8,18,3,
71,37,36-45,No,Human Resources,24,2,Life Sciences,Female,Human Resources,3,15444,15k+,6,Yes,12,2,17,
72,50,46-55,No,Research & Development,27,4,Marketing,Female,Research Director,1,9930,5k-10k,7,Yes,9,10,12,
73,23,18-25,No,Human Resources,4,4,Marketing,Female,Manager,4,13929,10k-15k,5,Yes,14,0,0,
74,57,55+,No,Human Resources,15,3,Other,Female,Manager,1,8253,5k-10k,2,Yes,2,4,15,
75,33,26-35,No,Sales,12,5,Technical Degree,Male,Sales Executive,4,18614,15k+,1,No,39,8,8,
76,41,36-45,No,Sales,8,3,Life Sciences,Female,Manager,3,8119,5k-10k,0,No,17,12,3,
77,60,55+,No,Research & Development,1,1,Marketing,Male,Research Scientist,2,7950,5k-10k,9,Yes,4,35,6,
78,32,26-35,No,Human Resources,20,1,Marketing,Male,Human Resources,2,11766,10k-15k,8,No,11,7,0,
79,40,36-45,No,Sales,6,3,Life Sciences,Male,Sales Executive,4,8796,5k-10k,8,Yes,4,30,14,
80,55,46-55,No,Research & Development,20,1,Other,Female,Research Director,4,4573,Upto 5k,0,Yes,30,25,13,
81,49,46-55,No,Human Resources,11,5,Medical,Male,Human Resources,2,15534,15k+,4,No,24,4,16,
82,50,46-55,No,Research & Development,4,5,Other,Male,Manufacturing Director,4,15096,15k+,7,Yes,26,6,14,
83,24,18-25,No,Research & Development,9,3,Medical,Female,Manufacturing Director,1,11241,10k-15k,1,Yes,5,27,3,
84,26,26-35,No,Human Resources,18,5,Marketing,Male,Manager,4,19231,15k+,5,No,3,3,9,
85,54,46-55,Yes,Research & Development,16,2,Life Sciences,Female,Research Scientist,3,17626,15k+,1,No,36,13,13,
86,56,55+,No,Human Resources,23,3,Marketing,Female,Human Resources,1,9763,5k-10k,2,Yes,36,1,2,
87,58,55+,No,Sales,7,4,Technical Degree,Female,Manager,3,2004,Upto 5k,2,No,19,5,18,
88,21,18-25,No,Human Resources,2,1,Marketing,Female,Human Resources,4,6098,5k-10k,7,No,26,10,6,
89,40,36-45,No,Human Resources,22,5,Technical Degree,Female,Human Resources,1,15087,15k+,3,No,38,3,0,
90,31,26-35,No,Sales,4,1,Technical Degree,Female,Sales Representative,2,5496,5k-10k,2,No,34,14,16,
91,22,18-25,No,Human Resources,15,1,Marketing,Female,Manager,4,14011,10k-15k,6,No,7,2,0,
92,57,55+,Yes,Research & Development,28,1,Medical,Female,Laboratory Technician,4,16076,15k+,8,Yes,25,19,10,
93,28,26-35,No,Sales,17,5,Medical,Female,Sales Representative,3,3502,Upto 5k,2,Yes,6,9,8,
94,56,55+,Yes,Sales,25,4,Technical Degree,Female,Sales Executive,3,6009,5k-10k,5,Yes,28,4,15,
95,35,26-35,No,Research & Development,10,4,Technical Degree,Male,Healthcare Representative,1,2840,Upto 5k,5,No,4,5,16,
96,55,46-55,No,Research & Development,26,5,Other,Male,Manufacturing Director,3,19163,15k+,9,No,32,2,1,
97,39,36-45,No,Research & Development,2,2,Other,Female,Research Scientist,4,3763,Upto 5k,8,Yes,23,23,9,
98,39,36-45,No,Research & Development,3,3,Life Sciences,Female,Manufacturing Director,3,2715,Upto 5k,4,Yes,21,5,18,
99,40,36-45,Yes,Human Resources,23,1,Marketing,Female,Human Resources,3,11165,10k-15k,2,Yes,27,25,11,
100,37,36-45,No,Sales,25,4,Medical,Male,Sales Representative,2,6906,5k-10k,2,Yes,18,6,16,
101,60,55+,Yes,Human Resources,13,2,Medical,Male,Human Resources,2,12035,10k-15k,7,Yes,26,23,7,
102,36,36-45,No,Research & Development,10,4,Medical,Female,Research Director,4,15710,15k+,7,No,24,14,16,
103,30,26-35,Yes,Research & Development,16,3,Human Resources,Male,Laboratory Technician,1,5535,5k-10k,4,Yes,10,16,14,
104,45,36-45,No,Human Resources,29,3,Life Sciences,Female,Human Resources,1,4005,Upto 5k,6,No,15,14,2,
105,19,18-25,No,Research & Development,21,3,Medical,Male,Laboratory Technician,1,11442,10k-15k,4,No,8,6,14,
106,23,18-25,Yes,Human Resources,5,5,Other,Female,Human Resources,1,1622,Upto 5k,4,Yes,19,7,1,
107,58,55+,Yes,Sales,29,4,Human Resources,Male,Sales Representative,2,15978,15k+,2,No,27,0,11,
108,44,36-45,No,Sales,12,1,Human Resources,Male,Manager,4,7137,5k-10k,7,Yes,40,5,11,
109,40,36-45,Yes,Research & Development,22,1,Human Resources,Female,Research Scientist,2,3213,Upto 5k,0,No,34,21,5,
110,48,46-55,Yes,Human Resources,25,4,Life Sciences,Female,Manager,2,6972,5k-10k,0,Yes,2,8,9,
111,52,46-55,Yes,Human Resources,21,2,Marketing,Female,Manager,1,16512,15k+,5,No,7,16,13,
112,42,36-45,No,Research & Development,16,3,Human Resources,Female,Manufacturing Director,1,12109,10k-15k,6,Yes,27,11,5,
113,38,36-45,No,Human Resources,10,3,Technical Degree,Female,Manager,2,4361,Upto 5k,7,No,28,2,11,
114,35,26-35,No,Human Resources,13,3,Human Resources,Male,Manager,1,2879,Upto 5k,2,No,2,4,2,
115,41,36-45,No,Sales,2,5,Medical,Female,Manager,3,12866,10k-15k,5,No,4,24,4,
116,43,36-45,No,Human Resources,4,1,Other,Male,Manager,4,11301,10k-15k,8,No,35,7,8,
117,31,26-35,No,Research & Development,5,1,Technical Degree,Male,Manufacturing Director,4,10357,10k-15k,1,No,22,4,17,
118,37,36-45,No,Human Resources,12,5,Medical,Male,Manager,2,6161,5k-10k,2,Yes,31,1,11,
119,47,46-55,No,Human Resources,3,1,Marketing,Female,Manager,4,19076,15k+,8,No,26,8,2,
120,59,55+,No,Sales,17,3,Medical,Male,Sales Representative,2,3430,Upto 5k,6,Yes,7,28,4,
121,28,26-35,No,Research & Development,17,3,Life Sciences,Female,Laboratory Technician,2,11572,10k-15k,8,No,8,14,9,
122,50,46-55,No,Human Resources,5,2,Other,Female,Human Resources,1,6525,5k-10k,0,Yes,2,36,8,
123,54,46-55,No,Human Resources,16,5,Marketing,Female,Human Resources,4,14650,10k-15k,3,No,19,29,2,
124,28,26-35,No,Human Resources,7,3,Human Resources,Male,Human Resources,3,15404,15k+,5,No,25,8,11,
125,38,36-45,Yes,Human Resources,15,2,Medical,Male,Human Resources,1,8921,5k-10k,4,No,39,26,7,
126,54,46-55,No,Sales,16,5,Technical Degree,Female,Sales Representative,3,11247,10k-15k,7,Yes,5,12,16,
127,31,26-35,Yes,Research & Development,16,5,Other,Female,Laboratory Technician,3,12563,10k-15k,8,Yes,6,3,4,
128,43,36-45,No,Research & Development,19,5,Medical,Female,Healthcare Representative,3,12991,10k-15k,1,No,32,2,17,
129,57,55+,No,Research & Development,13,3,Marketing,Female,Research Director,2,4893,Upto 5k,3,No,32,2,1,
130,39,36-45,No,Sales,20,5,Medical,Female,Sales Executive,3,16523,15k+,2,No,39,19,18,
131,50,46-55,No,Research & Development,10,4,Life Sciences,Female,Research Director,3,18443,15k+,1,No,37,19,0,
132,34,26-35,No,Human Resources,2,5,Technical Degree,Male,Manager,4,19955,15k+,2,Yes,2,36,3,
133,46,46-55,Yes,Sales,23,2,Technical Degree,Female,Sales Executive,1,11279,10k-15k,2,Yes,35,20,15,
134,38,36-45,No,Human Resources,11,5,Marketing,Female,Manager,4,6674,5k-10k,3,Yes,17,29,9,
135,36,36-45,No,Sales,12,5,Other,Female,Sales Representative,3,7792,5k-10k,1,No,25,22,4,
136,36,36-45,No,Research & Development,21,3,Other,Female,Research Scientist,2,3589,Upto 5k,3,No,35,17,4,
137,55,46-55,Yes,Sales,29,5,Medical,Male,Manager,1,8840,5k-10k,1,No,21,15,3,
138,18,18-25,No,Human Resources,29,4,Technical Degree,Male,Human Resources,3,19033,15k+,5,No,3,5,18,
139,20,18-25,No,Sales,6,1,Technical Degree,Female,Manager,2,6736,5k-10k,4,Yes,0,19,18,
140,39,36-45,No,Human Resources,18,5,Technical Degree,Male,Human Resources,4,10324,10k-15k,4,Yes,7,21,5,
141,59,55+,Yes,Human Resources,11,3,Human Resources,Male,Manager,2,9430,5k-10k,9,No,27,11,10,
142,60,55+,No,Sales,16,3,Medical,Male,Sales Representative,3,4125,Upto 5k,6,Yes,28,11,10,
143,54,46-55,No,Research & Development,23,2,Life Sciences,Male,Research Director,4,1374,Upto 5k,4,Yes,25,16,9,
144,58,55+,No,Human Resources,8,2,Technical Degree,Male,Human Resources,4,10667,10k-15k,9,No,26,23,15,
145,33,26-35,No,Human Resources,23,3,Life Sciences,Male,Human Resources,1,3682,Upto 5k,8,Yes,36,33,4,
146,51,46-55,No,Sales,23,5,Technical Degree,Male,Sales Representative,4,15478,15k+,0,No,8,7,13,
147,21,18-25,No,Research & Development,10,1,Technical Degree,Female,Research Director,1,19310,15k+,3,Yes,2,27,11,
148,52,46-55,No,Human Resources,16,1,Marketing,Female,Human Resources,2,2974,Upto 5k,2,No,23,4,14,
149,23,18-25,No,Research & Development,12,1,Medical,Female,Manufacturing Director,2,18671,15k+,3,Yes,1,8,14,
150,52,46-55,No,Human Resources,12,2,Marketing,Male,Manager,1,13428,10k-15k,0,No,39,1,7,
151,24,18-25,No,Sales,23,1,Medical,Male,Sales Executive,4,2100,Upto 5k,7,Yes,34,13,1,
152,36,36-45,No,Sales,20,3,Medical,Female,Manager,2,8673,5k-10k,8,Yes,26,19,8,
153,55,46-55,No,Sales,18,4,Life Sciences,Female,Manager,4,6738,5k-10k,8,No,26,26,4,
154,29,26-35,No,Research & Development,8,3,Other,Male,Manufacturing Director,4,18626,15k+,0,No,26,30,16,
155,33,26-35,No,Sales,3,4,Marketing,Male,Sales Representative,2,9355,5k-10k,0,No,24,13,1,
156,55,46-55,No,Sales,28,3,Marketing,Male,Sales Executive,2,19312,15k+,3,Yes,30,13,6,
157,53,46-55,No,Research & Development,18,3,Marketing,Female,Laboratory Technician,3,11538,10k-15k,8,No,29,6,15,
158,41,36-45,Yes,Research & Development,28,2,Other,Male,Laboratory Technician,1,11253,10k-15k,4,No,18,9,6,
159,42,36-45,No,Research & Development,21,3,Marketing,Female,Laboratory Technician,4,19670,15k+,7,Yes,22,10,4,
160,29,26-35,No,Human Resources,27,1,Other,Male,Manager,1,18764,15k+,6,Yes,40,3,2,
161,18,18-25,No,Human Resources,2,5,Other,Female,Human Resources,4,8167,5k-10k,0,Yes,34,32,13,
162,51,46-55,No,Sales,1,5,Other,Female,Sales Executive,2,10002,10k-15k,1,Yes,33,9,7,
163,51,46-55,No,Sales,13,1,Marketing,Female,Manager,4,9271,5k-10k,9,Yes,14,19,2,
164,23,18-25,No,Human Resources,16,1,Other,Male,Human Resources,2,14280,10k-15k,1,No,27,21,18,
165,20,18-25,No,Sales,23,5,Technical Degree,Female,Manager,1,8528,5k-10k,1,No,34,13,1,
166,19,18-25,Yes,Sales,27,4,Life Sciences,Female,Sales Representative,2,7788,5k-10k,9,Yes,36,24,17,
167,26,26-35,No,Research & Development,12,1,Life Sciences,Female,Manufacturing Director,2,3569,Upto 5k,1,No,38,32,12,
168,58,55+,No,Research & Development,12,5,Technical Degree,Female,Research Scientist,2,9956,5k-10k,9,No,5,28,9,
169,22,18-25,Yes,Sales,23,2,Other,Female,Manager,3,3688,Upto 5k,5,Yes,5,0,9,
170,35,26-35,Yes,Research & Development,14,4,Human Resources,Female,Healthcare Representative,1,4349,Upto 5k,0,Yes,22,8,2,
171,42,36-45,No,Human Resources,25,1,Other,Male,Manager,2,1404,Upto 5k,6,Yes,8,17,9,
172,27,26-35,No,Research & Development,14,3,Technical Degree,Male,Manufacturing Director,3,3073,Upto 5k,4,Yes,40,10,6,
173,26,26-35,No,Research & Development,11,5,Technical Degree,Female,Research Scientist,4,10983,10k-15k,5,No,38,0,9,
174,30,26-35,No,Research & Development,13,3,Marketing,Female,Research Director,2,16696,15k+,5,No,17,20,11,
175,30,26-35,No,Sales,18,1,Other,Female,Manager,2,18879,15k+,7,No,4,11,15,
176,37,36-45,No,Sales,23,4,Technical Degree,Male,Manager,4,8930,5k-10k,9,No,37,16,17,
177,52,46-55,No,Human Resources,26,5,Human Resources,Male,Manager,1,2204,Upto 5k,3,No,10,23,1,
178,39,36-45,Yes,Human Resources,9,2,Human Resources,Male,Manager,4,15105,15k+,5,No,29,6,16,
179,19,18-25,No,Sales,3,1,Other,Male,Sales Representative,3,16819,15k+,4,No,29,6,16,
180,48,46-55,No,Research & Development,15,3,Life Sciences,Female,Healthcare Representative,1,4198,Upto 5k,1,Yes,21,6,5,
181,51,46-55,No,Human Resources,18,4,Technical Degree,Male,Human Resources,4,6716,5k-10k,2,Yes,40,27,12,
182,57,55+,No,Sales,13,1,Other,Male,Manager,2,7465,5k-10k,4,Yes,36,6,17,
183,38,36-45,Yes,Sales,22,4,Human Resources,Female,Sales Representative,4,7457,5k-10k,9,No,37,7,11,
184,57,55+,No,Research & Development,19,1,Other,Male,Manufacturing Director,3,6653,5k-10k,1,Yes,19,7,5,
185,50,46-55,No,Research & Development,19,4,Technical Degree,Male,Laboratory Technician,4,13729,10k-15k,8,Yes,35,10,15,
186,29,26-35,No,Research & Development,28,3,Life Sciences,Female,Laboratory Technician,2,11308,10k-15k,3,No,35,28,15,
187,44,36-45,No,Research & Development,19,1,Medical,Female,Manufacturing Director,1,15544,15k+,4,Yes,34,18,5,
188,49,46-55,Yes,Research & Development,4,3,Human Resources,Female,Research Director,1,19013,15k+,7,Yes,27,6,7,
189,46,46-55,No,Research & Development,3,4,Life Sciences,Male,Research Scientist,2,9611,5k-10k,9,No,39,22,13,
190,26,26-35,No,Sales,19,3,Human Resources,Female,Manager,2,7770,5k-10k,5,No,18,13,8,
191,26,26-35,No,Human Resources,28,2,Other,Male,Human Resources,2,14487,10k-15k,2,No,15,3,15,
192,58,55+,No,Sales,15,1,Other,Male,Manager,4,9805,5k-10k,8,No,23,29,15,
193,18,18-25,No,Research & Development,23,3,Life Sciences,Female,Research Director,2,4052,Upto 5k,6,Yes,31,17,10,
194,53,46-55,No,Research & Development,16,3,Other,Male,Healthcare Representative,1,19937,15k+,1,No,1,7,5,
195,18,18-25,No,Research & Development,5,3,Medical,Female,Manufacturing Director,1,15018,15k+,5,No,5,12,5,
196,58,55+,No,Sales,3,1,Life Sciences,Male,Sales Representative,4,11010,10k-15k,1,Yes,37,14,16,
197,18,18-25,No,Human Resources,28,4,Other,Male,Manager,4,1264,Upto 5k,1,Yes,24,5,3,
198,41,36-45,No,Sales,27,2,Other,Male,Sales Representative,1,10805,10k-15k,8,Yes,39,8,14,
199,58,55+,No,Research & Development,15,2,Life Sciences,Male,Laboratory Technician,2,5960,5k-10k,1,No,22,26,10,
200,35,26-35,No,Sales,20,5,Marketing,Male,Sales Executive,3,3760,Upto 5k,3,Yes,25,15,1,
201,42,36-45,No,Sales,20,1,Human Resources,Male,Sales Representative,3,4694,Upto 5k,5,Yes,24,15,13,
202,29,26-35,Yes,Research & Development,3,1,Marketing,Male,Research Director,1,16434,15k+,0,No,32,4,16,
203,43,36-45,No,Research & Development,20,2,Marketing,Male,Manufacturing Director,3,3700,Upto 5k,1,Yes,9,34,10,
204,58,55+,No,Research & Development,24,2,Life Sciences,Male,Research Director,1,3166,Upto 5k,6,Yes,29,19,1,
205,25,18-25,No,Research & Development,6,4,Marketing,Female,Laboratory Technician,2,1415,Upto 5k,5,Yes,17,7,0,
206,35,26-35,No,Research & Development,19,1,Technical Degree,Female,Manufacturing Director,3,18165,15k+,0,No,36,4,11,
207,24,18-25,Yes,Sales,17,1,Life Sciences,Male,Sales Representative,2,19805,15k+,0,No,23,7,4,
208,53,46-55,No,Sales,14,3,Marketing,Male,Sales Executive,3,14741,10k-15k,1,Yes,11,14,16,
209,22,18-25,No,Sales,10,3,Life Sciences,Female,Sales Representative,1,16240,15k+,5,Yes,18,18,9,
210,47,46-55,No,Human Resources,25,2,Other,Male,Human Resources,2,13067,10k-15k,0,No,1,14,17,
211,39,36-45,No,Research & Development,24,3,Life Sciences,Male,Research Scientist,2,1047,Upto 5k,6,No,3,9,8,
212,32,26-35,No,Sales,12,4,Other,Male,Sales Executive,1,18031,15k+,8,Yes,40,25,2,
213,45,36-45,No,Human Resources,28,3,Technical Degree,Female,Human Resources,3,5283,5k-10k,7,No,14,4,6,
214,24,18-25,Yes,Sales,15,3,Technical Degree,Male,Manager,3,6092,5k-10k,3,No,19,6,8,
215,28,26-35,Yes,Sales,27,3,Medical,Male,Sales Executive,2,10968,10k-15k,5,No,32,3,9,
216,19,18-25,No,Research & Development,18,2,Life Sciences,Female,Laboratory Technician,1,14251,10k-15k,2,Yes,0,3,7,
217,43,36-45,No,Sales,3,5,Human Resources,Female,Sales Executive,1,13197,10k-15k,0,Yes,12,28,4,
218,25,18-25,Yes,Sales,19,4,Other,Female,Sales Representative,4,2399,Upto 5k,0,No,27,11,11,
219,35,26-35,No,Sales,2,5,Human Resources,Male,Sales Executive,3,10170,10k-15k,7,No,35,28,1,
220,42,36-45,Yes,Sales,29,5,Medical,Male,Sales Representative,4,5496,5k-10k,5,No,34,26,11,
221,42,36-45,Yes,Human Resources,20,2,Life Sciences,Female,Manager,1,9861,5k-10k,7,No,37,11,5,
222,60,55+,No,Sales,26,1,Medical,Female,Sales Executive,3,8902,5k-10k,2,Yes,15,17,10,
223,55,46-55,No,Human Resources,19,2,Human Resources,Male,Manager,4,1924,Upto 5k,8,No,11,22,1,
224,32,26-35,No,Sales,1,3,Human Resources,Male,Sales Executive,2,8169,5k-10k,5,Yes,20,1,0,
225,27,26-35,No,Sales,3,3,Other,Female,Manager,1,4634,Upto 5k,5,No,20,8,5,
226,58,55+,No,Human Resources,18,5,Marketing,Male,Manager,2,16964,15k+,6,No,18,8,5,
227,54,46-55,Yes,Human Resources,20,3,Human Resources,Male,Human Resources,1,13831,10k-15k,7,Yes,21,4,7,
228,28,26-35,No,Research & Development,11,4,Life Sciences,Female,Healthcare Representative,2,3907,Upto 5k,3,Yes,22,16,3,
229,21,18-25,No,Human Resources,6,4,Technical Degree,Female,Human Resources,3,13646,10k-15k,8,No,6,28,18,
230,28,26-35,No,Human Resources,2,3,Life Sciences,Female,Human Resources,3,15787,15k+,1,Yes,21,4,12,
231,22,18-25,No,Sales,20,4,Other,Male,Manager,4,18925,15k+,2,No,10,3,3,
232,30,26-35,No,Research & Development,24,5,Marketing,Female,Laboratory Technician,3,14411,10k-15k,3,Yes,3,25,18,
233,27,26-35,Yes,Human Resources,3,3,Other,Female,Manager,2,2786,Upto 5k,1,Yes,13,10,9,
234,25,18-25,No,Sales,29,3,Life Sciences,Female,Sales Representative,2,11104,10k-15k,5,No,23,11,14,
235,46,46-55,No,Sales,9,5,Life Sciences,Male,Sales Representative,1,16239,15k+,1,No,34,16,18,
236,21,18-25,No,Sales,18,4,Human Resources,Male,Manager,4,13684,10k-15k,4,Yes,25,2,16,
237,25,18-25,No,Human Resources,6,2,Medical,Male,Human Resources,1,15714,15k+,6,Yes,27,11,4,
238,38,36-45,No,Human Resources,13,5,Marketing,Female,Manager,4,3195,Upto 5k,0,No,7,5,4,
239,55,46-55,No,Sales,4,3,Human Resources,Female,Manager,4,4283,Upto 5k,4,No,31,6,15,
240,35,26-35,No,Sales,22,4,Life Sciences,Female,Sales Executive,3,14204,10k-15k,3,Yes,30,9,11,
241,37,36-45,No,Sales,28,1,Medical,Male,Sales Representative,3,11189,10k-15k,7,No,17,17,2,
242,31,26-35,No,Sales,28,3,Life Sciences,Male,Sales Representative,1,14342,10k-15k,4,No,8,31,18,
243,30,26-35,No,Sales,15,1,Marketing,Male,Sales Executive,3,7577,5k-10k,5,No,32,3,3,
244,33,26-35,No,Human Resources,6,4,Human Resources,Female,Human Resources,3,13204,10k-15k,2,No,5,18,0,
245,28,26-35,No,Research & Development,21,2,Other,Male,Research Scientist,3,19751,15k+,6,Yes,0,13,4,
246,56,55+,Yes,Human Resources,26,3,Other,Female,Human Resources,4,1277,Upto 5k,6,No,29,14,6,
247,51,46-55,Yes,Research & Development,17,3,Human Resources,Female,Healthcare Representative,3,14013,10k-15k,1,No,4,21,8,
248,35,26-35,No,Human Resources,17,2,Life Sciences,Female,Manager,3,9557,5k-10k,2,Yes,31,18,8,
249,42,36-45,No,Research & Development,19,2,Marketing,Male,Manufacturing Director,4,2157,Upto 5k,5,No,10,35,5,
250,48,46-55,No,Research & Development,18,2,Other,Female,Research Scientist,1,5192,5k-10k,3,No,14,16,13,
251,34,26-35,No,Research & Development,16,1,Other,Male,Healthcare Representative,4,10635,10k-15k,3,Yes,24,29,9,
252,27,26-35,No,Research & Development,19,4,Medical,Female,Research Scientist,2,5501,5k-10k,1,No,21,12,5,
253,18,18-25,Yes,Research & Development,25,2,Human Resources,Male,Research Scientist,4,15812,15k+,1,Yes,39,17,13,
254,48,46-55,Yes,Research & Development,7,3,Life Sciences,Female,Manufacturing Director,2,13560,10k-15k,0,Yes,40,0,7,
255,37,36-45,No,Human Resources,19,3,Medical,Male,Manager,1,5224,5k-10k,4,No,29,6,16,
256,26,26-35,No,Research & Development,7,2,Technical Degree,Male,Manufacturing Director,2,12230,10k-15k,3,Yes,13,1,18,
257,25,18-25,No,Human Resources,21,3,Human Resources,Male,Human Resources,1,13012,10k-15k,1,Yes,3,2,13,
258,25,18-25,No,Research & Development,5,2,Other,Male,Manufacturing Director,3,18933,15k+,6,Yes,33,16,4,
259,50,46-55,Yes,Research & Development,4,4,Medical,Male,Research Scientist,3,4857,Upto 5k,8,Yes,22,18,9,
260,53,46-55,No,Sales,16,3,Medical,Male,Sales Executive,1,17264,15k+,1,Yes,36,13,4,
261,22,18-25,No,Sales,15,3,Marketing,Female,Manager,1,4319,Upto 5k,1,Yes,2,16,11,
262,45,36-45,No,Human Resources,29,1,Life Sciences,Male,Manager,2,4797,Upto 5k,5,No,28,6,8,
263,41,36-45,Yes,Human Resources,13,4,Marketing,Female,Human Resources,4,12230,10k-15k,6,Yes,7,8,1,
264,44,36-45,No,Sales,6,5,Technical Degree,Female,Sales Executive,1,16816,15k+,2,No,31,7,13,
265,22,18-25,Yes,Research & Development,28,5,Other,Male,Research Scientist,3,9572,5k-10k,8,Yes,27,15,15,
266,27,26-35,Yes,Research & Development,21,2,Human Resources,Female,Manufacturing Director,4,19295,15k+,2,Yes,31,20,7,
267,21,18-25,No,Research & Development,13,4,Medical,Male,Healthcare Representative,4,17611,15k+,7,No,5,14,14,
268,49,46-55,No,Research & Development,2,5,Human Resources,Male,Research Scientist,1,1582,Upto 5k,9,No,32,6,6,
269,39,36-45,No,Human Resources,28,4,Marketing,Female,Manager,3,12906,10k-15k,7,Yes,6,3,0,
270,58,55+,No,Research & Development,23,1,Life Sciences,Male,Healthcare Representative,4,10567,10k-15k,2,No,6,16,6,
271,43,36-45,No,Sales,7,3,Life Sciences,Female,Sales Executive,1,8064,5k-10k,9,Yes,28,29,18,
272,49,46-55,No,Human Resources,18,4,Human Resources,Female,Human Resources,2,1142,Upto 5k,9,Yes,8,6,12,
273,50,46-55,No,Human Resources,23,2,Marketing,Female,Manager,3,13604,10k-15k,4,No,8,8,13,
274,53,46-55,No,Human Resources,7,2,Human Resources,Female,Manager,3,11286,10k-15k,2,Yes,32,34,10,
275,40,36-45,No,Human Resources,22,4,Other,Female,Human Resources,4,19424,15k+,0,Yes,1,24,4,
276,21,18-25,No,Sales,6,3,Other,Female,Manager,2,7550,5k-10k,0,No,13,17,1,
277,24,18-25,No,Research & Development,18,4,Medical,Female,Manufacturing Director,1,19411,15k+,6,No,26,14,17,
278,34,26-35,No,Sales,28,4,Medical,Female,Sales Executive,2,7654,5k-10k,3,No,28,11,2,
279,50,46-55,Yes,Sales,9,5,Marketing,Male,Sales Executive,2,4910,Upto 5k,9,No,0,21,14,
280,20,18-25,No,Human Resources,25,5,Other,Female,Human Resources,4,6036,5k-10k,9,No,4,20,16,
281,51,46-55,Yes,Sales,18,5,Technical Degree,Male,Sales Executive,3,3234,Upto 5k,3,Yes,21,21,11,
282,57,55+,No,Research & Development,27,1,Life Sciences,Female,Laboratory Technician,4,18383,15k+,3,Yes,2,20,12,
283,34,26-35,Yes,Sales,17,3,Human Resources,Female,Sales Representative,4,18702,15k+,0,No,12,18,16,
284,28,26-35,Yes,Sales,3,2,Other,Male,Sales Executive,4,18628,15k+,1,Yes,34,27,2,
285,19,18-25,Yes,Human Resources,3,1,Medical,Female,Human Resources,1,16047,15k+,9,Yes,16,21,12,
286,45,36-45,No,Research & Development,4,5,Life Sciences,Male,Manufacturing Director,1,11367,10k-15k,1,No,32,1,9,
287,56,55+,No,Human Resources,15,4,Technical Degree,Male,Manager,4,3834,Upto 5k,2,Yes,8,18,17,
288,37,36-45,No,Research & Development,18,2,Life Sciences,Male,Laboratory Technician,1,13226,10k-15k,9,No,34,0,2,
289,40,36-45,No,Research & Development,28,5,Medical,Male,Laboratory Technician,2,7938,5k-10k,3,No,12,7,5,
290,53,46-55,Yes,Human Resources,22,1,Marketing,Male,Human Resources,2,16114,15k+,9,No,21,22,4,
291,24,18-25,Yes,Human Resources,7,3,Technical Degree,Female,Human Resources,3,10343,10k-15k,9,No,37,9,18,
292,38,36-45,Yes,Human Resources,8,2,Other,Female,Manager,3,15034,15k+,5,Yes,21,10,14,
293,37,36-45,Yes,Research & Development,21,5,Life Sciences,Female,Healthcare Representative,2,16957,15k+,8,Yes,16,35,2,
294,19,18-25,Yes,Human Resources,19,5,Technical Degree,Male,Human Resources,1,17619,15k+,8,No,34,34,15,
295,41,36-45,No,Human Resources,19,3,Medical,Female,Human Resources,1,13861,10k-15k,6,No,32,0,7,
296,50,46-55,Yes,Human Resources,19,5,Other,Male,Human Resources,4,5599,5k-10k,5,Yes,14,28,7,
297,41,36-45,No,Sales,17,3,Technical Degree,Female,Sales Representative,4,8668,5k-10k,0,Yes,20,2,16,
298,34,26-35,No,Human Resources,13,4,Marketing,Male,Manager,3,19960,15k+,6,Yes,33,25,11,
299,48,46-55,No,Research & Development,15,2,Medical,Male,Manufacturing Director,3,1216,Upto 5k,3,Yes,11,10,11,
300,60,55+,No,Human Resources,24,1,Technical Degree,Female,Human Resources,4,8547,5k-10k,3,Yes,26,1,7,
301,54,46-55,No,Sales,2,5,Medical,Male,Sales Executive,2,6279,5k-10k,4,Yes,33,8,18,
302,60,55+,No,Human Resources,20,4,Technical Degree,Male,Human Resources,2,10288,10k-15k,6,Yes,37,5,16,
303,39,36-45,No,Research & Development,8,4,Technical Degree,Male,Laboratory Technician,1,15859,15k+,0,Yes,33,32,13,
304,24,18-25,No,Sales,20,1,Human Resources,Male,Manager,1,6813,5k-10k,7,Yes,38,30,0,
305,51,46-55,No,Human Resources,23,5,Technical Degree,Male,Manager,4,14784,10k-15k,6,No,37,23,3,
306,34,26-35,No,Research & Development,3,3,Human Resources,Female,Laboratory Technician,3,16634,15k+,3,Yes,0,14,16,
307,18,18-25,No,Sales,11,4,Marketing,Male,Manager,2,13288,10k-15k,6,No,16,13,13,
308,57,55+,No,Human Resources,14,5,Human Resources,Female,Manager,2,10029,10k-15k,5,No,16,19,18,
309,26,26-35,No,Research & Development,23,2,Life Sciences,Male,Manufacturing Director,4,4902,Upto 5k,5,Yes,10,14,0,
310,48,46-55,Yes,Sales,8,3,Life Sciences,Male,Sales Executive,4,15266,15k+,6,No,38,3,5,
311,46,46-55,No,Human Resources,26,5,Marketing,Male,Manager,1,1350,Upto 5k,9,Yes,39,10,1,
312,59,55+,Yes,Research & Development,9,4,Marketing,Female,Laboratory Technician,4,1009,Upto 5k,9,Yes,33,0,2,
313,36,36-45,No,Sales,27,3,Medical,Male,Manager,4,19321,15k+,6,Yes,16,11,13,
314,53,46-55,No,Human Resources,4,5,Marketing,Female,Human Resources,4,3371,Upto 5k,6,No,15,21,14,
315,55,46-55,Yes,Human Resources,3,4,Other,Male,Manager,2,1896,Upto 5k,5,No,22,30,17,
316,34,26-35,Yes,Sales,22,3,Life Sciences,Male,Manager,4,9134,5k-10k,5,No,13,18,8,
317,30,26-35,No,Sales,8,3,Medical,Male,Manager,2,17351,15k+,3,No,9,6,3,
318,60,55+,Yes,Sales,28,5,Life Sciences,Female,Manager,3,17143,15k+,9,No,31,36,8,
319,50,46-55,No,Research & Development,19,2,Life Sciences,Female,Laboratory Technician,4,10183,10k-15k,8,Yes,32,22,12,
320,47,46-55,No,Human Resources,23,1,Life Sciences,Male,Human Resources,4,4944,Upto 5k,9,Yes,20,23,8,
321,34,26-35,No,Sales,20,3,Marketing,Male,Manager,4,8770,5k-10k,6,Yes,26,17,11,
322,46,46-55,Yes,Research & Development,19,2,Life Sciences,Female,Healthcare Representative,2,6894,5k-10k,8,No,24,12,4,
323,48,46-55,No,Human Resources,5,5,Human Resources,Female,Human Resources,4,1319,Upto 5k,4,No,35,11,1,
324,28,26-35,No,Research & Development,16,1,Technical Degree,Female,Research Scientist,3,2967,Upto 5k,5,No,35,13,8,
325,44,36-45,No,Research & Development,20,2,Human Resources,Male,Research Scientist,3,4972,Upto 5k,5,No,32,22,14,
326,57,55+,No,Sales,5,2,Other,Female,Sales Representative,4,10388,10k-15k,9,No,4,5,5,
327,38,36-45,No,Research & Development,20,4,Marketing,Female,Laboratory Technician,3,11383,10k-15k,9,No,26,10,5,
328,33,26-35,No,Sales,13,1,Life Sciences,Male,Sales Executive,4,9245,5k-10k,8,Yes,1,5,16,
329,34,26-35,No,Sales,29,4,Marketing,Male,Sales Executive,2,6088,5k-10k,4,No,40,5,4,
330,19,18-25,No,Human Resources,11,4,Technical Degree,Female,Human Resources,4,2151,Upto 5k,2,Yes,37,22,14,
331,51,46-55,No,Human Resources,16,5,Medical,Male,Manager,4,18491,15k+,4,No,26,16,4,
332,18,18-25,No,Research & Development,16,5,Life Sciences,Female,Research Scientist,4,18148,15k+,4,Yes,27,8,7,
333,41,36-45,No,Sales,14,4,Medical,Male,Manager,4,7179,5k-10k,6,Yes,16,5,13,
334,51,46-55,No,Human Resources,18,3,Technical Degree,Male,Human Resources,1,9908,5k-10k,2,Yes,18,7,14,
335,35,26-35,No,Human Resources,5,1,Human Resources,Male,Manager,2,17121,15k+,1,No,17,8,14,
336,32,26-35,Yes,Human Resources,7,3,Technical Degree,Female,Human Resources,4,3955,Upto 5k,5,No,2,9,2,
337,35,26-35,No,Sales,6,2,Marketing,Female,Sales Executive,1,13858,10k-15k,1,Yes,24,4,7,
338,30,26-35,No,Human Resources,7,4,Technical Degree,Female,Human Resources,3,16100,15k+,2,Yes,35,6,3,
339,58,55+,No,Research & Development,2,2,Life Sciences,Male,Manufacturing Director,4,10791,10k-15k,5,Yes,10,12,18,
340,33,26-35,No,Sales,23,4,Other,Male,Sales Representative,3,1292,Upto 5k,1,Yes,10,2,2,
341,58,55+,No,Human Resources,5,5,Life Sciences,Male,Manager,4,2967,Upto 5k,3,No,35,3,14,
342,19,18-25,No,Human Resources,9,1,Technical Degree,Female,Human Resources,3,13378,10k-15k,8,No,12,22,5,
343,38,36-45,No,Human Resources,20,5,Medical,Male,Manager,2,16348,15k+,7,No,16,17,11,
344,58,55+,No,Research & Development,29,1,Human Resources,Female,Research Scientist,2,17579,15k+,5,Yes,34,24,6,
345,53,46-55,No,Human Resources,14,3,Life Sciences,Male,Manager,1,6050,5k-10k,0,Yes,11,2,6,
346,30,26-35,No,Sales,27,4,Other,Female,Sales Representative,3,4235,Upto 5k,0,No,14,2,2,
347,59,55+,No,Sales,21,1,Marketing,Female,Sales Executive,3,17102,15k+,0,No,33,2,2,
348,31,26-35,Yes,Research & Development,8,5,Technical Degree,Male,Research Scientist,2,18022,15k+,8,Yes,36,6,5,
349,24,18-25,No,Human Resources,23,4,Life Sciences,Male,Manager,2,19892,15k+,8,No,32,21,5,
350,40,36-45,No,Human Resources,11,3,Technical Degree,Female,Manager,3,11326,10k-15k,9,Yes,36,34,6,
351,34,26-35,No,Research & Development,13,1,Other,Male,Research Director,3,12796,10k-15k,9,Yes,33,8,9,
352,32,26-35,Yes,Sales,27,3,Human Resources,Male,Sales Representative,1,8039,5k-10k,0,No,22,9,4,
353,55,46-55,No,Research & Development,10,1,Human Resources,Female,Healthcare Representative,2,9187,5k-10k,1,No,30,11,15,
354,56,55+,No,Human Resources,19,4,Life Sciences,Male,Human Resources,3,10843,10k-15k,5,No,26,2,7,
355,58,55+,No,Human Resources,2,3,Human Resources,Male,Human Resources,3,13533,10k-15k,8,Yes,9,3,12,
356,54,46-55,No,Research & Development,10,4,Medical,Male,Research Director,3,17538,15k+,1,No,36,3,17,
357,23,18-25,No,Research & Development,23,2,Medical,Female,Healthcare Representative,2,14058,10k-15k,7,No,36,12,17,
358,33,26-35,No,Human Resources,11,5,Life Sciences,Male,Human Resources,4,3347,Upto 5k,6,No,22,12,10,
359,59,55+,Yes,Research & Development,12,5,Technical Degree,Male,Research Director,4,1793,Upto 5k,0,Yes,12,19,4,
360,25,18-25,No,Human Resources,5,3,Life Sciences,Female,Human Resources,1,2787,Upto 5k,4,No,30,1,10,
361,52,46-55,No,Sales,25,3,Human Resources,Female,Manager,2,7942,5k-10k,0,No,37,13,1,
362,21,18-25,No,Research & Development,20,3,Life Sciences,Female,Laboratory Technician,1,10306,10k-15k,1,No,17,12,3,
363,59,55+,No,Sales,17,1,Marketing,Female,Sales Representative,1,13665,10k-15k,2,Yes,32,14,17,
364,20,18-25,No,Human Resources,16,4,Other,Male,Human Resources,1,9106,5k-10k,5,No,22,33,9,
365,35,26-35,Yes,Sales,13,1,Human Resources,Female,Manager,2,3031,Upto 5k,2,No,25,8,2,
366,51,46-55,No,Human Resources,5,4,Marketing,Female,Manager,4,8452,5k-10k,8,Yes,13,8,18,
367,26,26-35,No,Human Resources,14,2,Other,Male,Human Resources,3,11125,10k-15k,1,Yes,11,20,4,
368,38,36-45,No,Human Resources,24,3,Medical,Male,Human Resources,1,14567,10k-15k,2,Yes,1,26,8,
369,56,55+,No,Human Resources,12,1,Other,Female,Human Resources,2,8608,5k-10k,8,No,23,11,12,
370,26,26-35,No,Research & Development,14,1,Marketing,Female,Manufacturing Director,2,6366,5k-10k,3,Yes,4,11,14,
371,38,36-45,No,Human Resources,25,1,Human Resources,Female,Manager,3,15992,15k+,6,Yes,33,6,14,
372,33,26-35,No,Research & Development,24,1,Human Resources,Female,Research Scientist,1,17996,15k+,3,No,28,25,9,
373,28,26-35,No,Research & Development,2,5,Medical,Female,Manufacturing Director,4,14843,10k-15k,1,Yes,11,18,17,
374,44,36-45,Yes,Sales,15,5,Other,Male,Sales Representative,4,11599,10k-15k,1,No,20,10,3,
375,46,46-55,No,Sales,13,5,Human Resources,Male,Sales Executive,4,12892,10k-15k,8,No,2,5,10,
376,28,26-35,No,Human Resources,2,4,Marketing,Female,Human Resources,4,5738,5k-10k,4,Yes,7,8,6,
377,34,26-35,No,Sales,16,5,Life Sciences,Female,Manager,2,1400,Upto 5k,3,No,29,26,14,
378,56,55+,No,Sales,9,5,Other,Male,Manager,1,1215,Upto 5k,2,Yes,3,15,1,
379,60,55+,No,Sales,3,1,Life Sciences,Female,Sales Executive,2,19942,15k+,2,No,39,38,18,
380,47,46-55,No,Human Resources,3,3,Marketing,Female,Human Resources,4,19971,15k+,1,No,35,4,9,
381,25,18-25,No,Research & Development,17,2,Other,Male,Laboratory Technician,1,9992,5k-10k,1,Yes,30,21,9,
382,38,36-45,No,Research & Development,20,3,Medical,Female,Research Director,4,9508,5k-10k,7,Yes,39,14,9,
383,25,18-25,No,Sales,4,2,Human Resources,Female,Sales Executive,4,1785,Upto 5k,0,No,22,29,6,
384,30,26-35,No,Sales,10,3,Human Resources,Female,Manager,1,10228,10k-15k,1,No,21,16,18,
385,29,26-35,No,Human Resources,22,4,Technical Degree,Male,Human Resources,2,7357,5k-10k,7,Yes,40,21,17,
386,44,36-45,No,Research & Development,24,3,Human Resources,Male,Manufacturing Director,2,2835,Upto 5k,9,No,22,4,4,
387,39,36-45,No,Research & Development,6,5,Human Resources,Female,Research Scientist,2,13295,10k-15k,9,Yes,19,20,1,
388,23,18-25,No,Research & Development,27,3,Medical,Female,Manufacturing Director,2,17287,15k+,1,No,2,12,2,
389,19,18-25,Yes,Research & Development,11,4,Other,Female,Research Director,3,16815,15k+,2,Yes,33,8,6,
390,47,46-55,Yes,Human Resources,10,1,Other,Male,Human Resources,3,13700,10k-15k,7,Yes,6,33,9,
391,37,36-45,Yes,Sales,10,3,Human Resources,Female,Manager,4,7876,5k-10k,1,No,9,10,8,
392,57,55+,Yes,Sales,18,3,Human Resources,Female,Sales Executive,3,19337,15k+,2,No,36,15,5,
393,57,55+,No,Sales,5,1,Technical Degree,Male,Sales Representative,1,12099,10k-15k,6,Yes,5,27,12,
394,56,55+,No,Sales,11,2,Other,Male,Manager,4,15609,15k+,9,Yes,5,29,3,
395,59,55+,No,Research & Development,8,2,Human Resources,Female,Healthcare Representative,3,16250,15k+,6,Yes,21,20,14,
396,22,18-25,No,Research & Development,15,2,Marketing,Female,Research Scientist,2,16575,15k+,8,Yes,25,6,10,
397,37,36-45,No,Human Resources,14,2,Human Resources,Male,Human Resources,2,18457,15k+,7,No,4,21,6,
398,45,36-45,No,Human Resources,8,2,Other,Male,Manager,4,19586,15k+,1,No,20,21,3,
399,37,36-45,No,Research & Development,22,5,Technical Degree,Female,Laboratory Technician,4,14297,10k-15k,0,Yes,13,4,18,
400,27,26-35,No,Human Resources,13,5,Human Resources,Female,Human Resources,2,5889,5k-10k,3,No,19,28,9,
401,23,18-25,No,Research & Development,13,2,Marketing,Male,Healthcare Representative,3,1266,Upto 5k,8,Yes,0,35,11,
402,19,18-25,No,Sales,13,3,Other,Female,Sales Representative,4,8708,5k-10k,6,No,34,13,5,
403,30,26-35,No,Research & Development,12,4,Medical,Female,Laboratory Technician,2,19200,15k+,2,Yes,4,1,4,
404,60,55+,Yes,Human Resources,21,4,Technical Degree,Female,Manager,2,15310,15k+,7,No,35,8,12,
405,29,26-35,Yes,Research & Development,16,2,Other,Female,Laboratory Technician,4,14918,10k-15k,8,No,2,2,18,
406,25,18-25,Yes,Research & Development,24,5,Marketing,Female,Healthcare Representative,1,16778,15k+,8,Yes,15,5,2,
407,57,55+,No,Human Resources,1,4,Technical Degree,Female,Manager,3,2729,Upto 5k,6,No,18,18,5,
408,56,55+,No,Sales,21,4,Human Resources,Male,Manager,1,10963,10k-15k,4,Yes,18,31,2,
409,22,18-25,Yes,Sales,9,3,Marketing,Male,Manager,1,10104,10k-15k,9,Yes,37,9,14,
410,34,26-35,No,Research & Development,17,1,Marketing,Male,Laboratory Technician,2,8739,5k-10k,9,Yes,31,26,12,
411,46,46-55,No,Sales,27,3,Life Sciences,Female,Manager,1,6481,5k-10k,0,Yes,29,13,15,
412,52,46-55,No,Research & Development,13,4,Marketing,Male,Manufacturing Director,4,8656,5k-10k,0,No,28,24,10,
413,24,18-25,No,Human Resources,28,4,Human Resources,Female,Human Resources,3,18409,15k+,4,No,6,16,18,
414,33,26-35,No,Research & Development,23,2,Marketing,Male,Manufacturing Director,1,7387,5k-10k,1,Yes,26,6,16,
415,46,46-55,No,Sales,9,2,Life Sciences,Male,Manager,1,12518,10k-15k,0,Yes,38,14,3,
416,23,18-25,No,Human Resources,29,5,Medical,Male,Human Resources,2,5256,5k-10k,4,No,29,4,14,
417,60,55+,No,Research & Development,3,3,Life Sciences,Female,Manufacturing Director,4,11597,10k-15k,5,Yes,16,16,5,
418,49,46-55,No,Research & Development,21,4,Life Sciences,Male,Research Scientist,4,7575,5k-10k,3,Yes,28,16,3,
419,22,18-25,No,Sales,1,4,Medical,Male,Sales Executive,1,19721,15k+,6,No,9,16,12,
420,50,46-55,No,Human Resources,28,1,Human Resources,Male,Human Resources,1,17078,15k+,6,No,7,30,17,
421,37,36-45,No,Research & Development,21,1,Marketing,Female,Healthcare Representative,1,14127,10k-15k,7,No,12,3,17,
422,60,55+,No,Sales,29,1,Other,Female,Sales Representative,4,7258,5k-10k,1,No,12,8,1,
423,55,46-55,No,Sales,26,5,Other,Female,Sales Executive,4,8814,5k-10k,8,No,1,2,10,
424,20,18-25,Yes,Sales,21,5,Technical Degree,Male,Sales Representative,2,14287,10k-15k,1,Yes,9,7,0,
425,20,18-25,Yes,Research & Development,21,1,Marketing,Male,Research Director,4,8952,5k-10k,9,Yes,37,4,3,
426,56,55+,No,Sales,14,3,Other,Female,Sales Representative,3,8227,5k-10k,1,Yes,20,4,1,
427,39,36-45,No,Human Resources,25,4,Medical,Female,Human Resources,2,3071,Upto 5k,7,Yes,37,2,4,
428,57,55+,Yes,Sales,16,1,Life Sciences,Male,Manager,2,13325,10k-15k,1,No,26,10,4,
429,58,55+,No,Sales,8,2,Human Resources,Male,Sales Executive,2,9878,5k-10k,7,Yes,40,19,11,
430,53,46-55,Yes,Research & Development,17,1,Human Resources,Female,Research Scientist,2,8721,5k-10k,7,Yes,17,3,6,
431,48,46-55,Yes,Sales,2,1,Other,Female,Sales Executive,3,17302,15k+,3,No,16,11,14,
432,21,18-25,Yes,Sales,1,4,Human Resources,Male,Sales Executive,1,18608,15k+,3,No,37,11,10,
433,38,36-45,No,Research & Development,4,2,Other,Female,Laboratory Technician,2,8538,5k-10k,6,Yes,4,7,18,
434,45,36-45,No,Research & Development,15,2,Technical Degree,Female,Research Scientist,2,5749,5k-10k,7,Yes,40,13,8,
435,26,26-35,Yes,Sales,5,1,Technical Degree,Female,Sales Representative,4,2051,Upto 5k,2,No,14,18,5,
436,54,46-55,Yes,Human Resources,28,5,Technical Degree,Male,Human Resources,4,19112,15k+,7,No,0,14,7,
437,45,36-45,No,Sales,19,2,Human Resources,Male,Sales Representative,4,19987,15k+,0,Yes,30,14,1,
438,43,36-45,No,Research & Development,8,1,Human Resources,Male,Research Director,4,16704,15k+,3,Yes,22,6,7,
439,19,18-25,Yes,Human Resources,15,5,Other,Male,Human Resources,4,16721,15k+,7,Yes,25,11,11,
440,58,55+,Yes,Human Resources,29,3,Human Resources,Male,Manager,3,1044,Upto 5k,6,No,39,34,18,
441,23,18-25,No,Sales,22,3,Life Sciences,Male,Manager,4,12000,10k-15k,5,No,39,2,11,
442,59,55+,No,Research & Development,25,2,Medical,Female,Laboratory Technician,2,19310,15k+,8,Yes,30,4,6,
443,38,36-45,No,Human Resources,14,3,Life Sciences,Male,Human Resources,3,12557,10k-15k,5,No,31,17,16,
444,52,46-55,No,Sales,12,1,Medical,Female,Sales Representative,1,18460,15k+,1,No,11,18,2,
445,35,26-35,No,Sales,28,2,Human Resources,Male,Sales Executive,3,4670,Upto 5k,6,Yes,30,9,13,
446,36,36-45,Yes,Research & Development,26,2,Human Resources,Female,Research Scientist,4,7195,5k-10k,9,No,20,4,18,
447,47,46-55,Yes,Human Resources,26,3,Medical,Female,Manager,2,10964,10k-15k,7,No,18,3,4,
448,47,46-55,No,Research & Development,23,5,Marketing,Male,Healthcare Representative,2,6451,5k-10k,2,Yes,15,7,1,
449,26,26-35,No,Research & Development,7,5,Other,Male,Research Director,3,15447,15k+,5,Yes,23,16,17,
450,37,36-45,No,Sales,16,2,Technical Degree,Female,Manager,2,4980,Upto 5k,0,No,18,1,9,
451,54,46-55,No,Human Resources,24,4,Life Sciences,Male,Human Resources,1,15486,15k+,4,Yes,25,21,7,
452,23,18-25,No,Research & Development,7,5,Human Resources,Male,Healthcare Representative,3,11694,10k-15k,3,Yes,5,3,14,
453,50,46-55,No,Human Resources,20,5,Human Resources,Male,Human Resources,3,13924,10k-15k,6,Yes,27,12,12,
454,36,36-45,No,Research & Development,15,5,Life Sciences,Male,Research Scientist,4,12302,10k-15k,6,No,18,10,13,
455,26,26-35,Yes,Human Resources,16,5,Marketing,Male,Manager,4,3820,Upto 5k,1,Yes,26,9,8,
456,53,46-55,No,Research & Development,5,2,Medical,Female,Laboratory Technician,3,16142,15k+,8,No,2,19,18,
457,53,46-55,Yes,Research & Development,1,2,Marketing,Female,Manufacturing Director,4,16186,15k+,1,No,26,11,15,
458,19,18-25,No,Human Resources,3,5,Other,Female,Human Resources,4,4911,Upto 5k,9,No,16,17,15,
459,41,36-45,Yes,Human Resources,9,2,Human Resources,Male,Human Resources,2,17794,15k+,5,No,8,22,5,
460,41,36-45,No,Sales,12,1,Marketing,Female,Sales Representative,1,14746,10k-15k,8,Yes,40,11,3,
461,52,46-55,No,Human Resources,22,3,Marketing,Female,Human Resources,1,11571,10k-15k,8,No,9,0,4,
462,41,36-45,No,Human Resources,6,1,Medical,Male,Manager,2,16889,15k+,3,Yes,26,26,2,
463,19,18-25,No,Sales,12,2,Technical Degree,Female,Sales Executive,2,16712,15k+,4,Yes,7,14,4,
464,32,26-35,No,Human Resources,3,4,Other,Male,Human Resources,1,11073,10k-15k,0,No,27,2,6,
465,60,55+,Yes,Sales,4,3,Life Sciences,Male,Sales Executive,3,17825,15k+,0,Yes,7,37,6,
466,29,26-35,Yes,Human Resources,28,3,Human Resources,Female,Human Resources,3,12519,10k-15k,2,Yes,32,1,2,
467,18,18-25,No,Sales,10,2,Human Resources,Male,Manager,1,18328,15k+,3,No,23,13,5,
468,29,26-35,No,Research & Development,17,2,Technical Degree,Male,Research Scientist,3,12626,10k-15k,1,No,7,24,4,
469,36,36-45,Yes,Research & Development,16,1,Technical Degree,Female,Healthcare Representative,4,19256,15k+,9,No,28,2,17,
470,45,36-45,No,Research & Development,26,4,Other,Female,Healthcare Representative,2,7186,5k-10k,0,No,6,4,14,
471,25,18-25,No,Human Resources,19,1,Other,Male,Human Resources,1,5697,5k-10k,5,Yes,21,12,12,
472,45,36-45,No,Sales,25,5,Human Resources,Female,Sales Executive,4,17354,15k+,5,No,38,17,15,
473,27,26-35,Yes,Human Resources,16,4,Medical,Male,Manager,1,15897,15k+,1,Yes,4,6,0,
474,56,55+,No,Sales,20,1,Life Sciences,Female,Sales Representative,4,11713,10k-15k,3,No,31,9,16,
475,39,36-45,Yes,Research & Development,25,1,Technical Degree,Male,Research Director,4,18712,15k+,7,No,24,28,14,
476,29,26-35,No,Sales,6,4,Technical Degree,Male,Sales Executive,3,19240,15k+,6,No,7,19,15,
477,48,46-55,No,Human Resources,13,3,Technical Degree,Female,Manager,3,19423,15k+,4,No,3,1,18,
478,41,36-45,Yes,Sales,29,3,Technical Degree,Male,Sales Executive,4,12431,10k-15k,5,No,26,22,1,
479,33,26-35,No,Human Resources,23,1,Marketing,Male,Human Resources,3,8688,5k-10k,2,Yes,34,19,1,
480,54,46-55,No,Research & Development,23,4,Human Resources,Male,Manufacturing Director,3,17867,15k+,6,No,20,26,3,
481,31,26-35,No,Research & Development,25,3,Medical,Female,Research Scientist,3,12008,10k-15k,6,Yes,31,31,2,
482,36,36-45,No,Human Resources,19,4,Medical,Male,Human Resources,1,9688,5k-10k,9,No,17,3,18,
483,45,36-45,No,Human Resources,21,3,Human Resources,Female,Manager,4,7872,5k-10k,8,No,12,22,12,
484,50,46-55,No,Research & Development,1,5,Medical,Female,Research Director,2,15851,15k+,7,No,40,34,13,
485,51,46-55,No,Human Resources,8,2,Other,Female,Human Resources,4,7574,5k-10k,6,No,4,23,6,
486,36,36-45,No,Research & Development,8,4,Medical,Male,Healthcare Representative,2,6262,5k-10k,3,Yes,15,16,14,
487,45,36-45,No,Research & Development,9,2,Life Sciences,Female,Research Director,3,14828,10k-15k,8,Yes,2,2,0,
488,38,36-45,No,Sales,14,3,Other,Male,Sales Executive,4,10764,10k-15k,2,Yes,7,4,16,
489,60,55+,No,Sales,3,2,Human Resources,Male,Manager,3,18211,15k+,5,No,15,16,6,
490,29,26-35,No,Sales,9,5,Life Sciences,Female,Sales Executive,3,8015,5k-10k,1,No,34,17,15,
491,35,26-35,No,Human Resources,12,3,Life Sciences,Male,Human Resources,1,5748,5k-10k,3,No,35,23,9,
492,25,18-25,No,Human Resources,13,1,Technical Degree,Female,Manager,3,18527,15k+,1,Yes,19,13,5,
493,59,55+,No,Research & Development,3,4,Technical Degree,Female,Healthcare Representative,3,14313,10k-15k,6,Yes,10,2,16,
494,44,36-45,No,Sales,1,1,Other,Male,Sales Representative,4,18947,15k+,2,Yes,25,12,9,
495,23,18-25,No,Research & Development,23,2,Human Resources,Female,Research Director,3,4631,Upto 5k,7,No,8,10,5,
496,36,36-45,No,Human Resources,6,4,Technical Degree,Male,Manager,1,7509,5k-10k,0,Yes,5,5,6,
497,21,18-25,No,Research & Development,9,2,Life Sciences,Female,Laboratory Technician,2,14141,10k-15k,9,Yes,0,33,13,
498,25,18-25,Yes,Research & Development,28,3,Marketing,Female,Manufacturing Director,4,8355,5k-10k,2,No,13,13,6,
499,44,36-45,No,Research & Development,1,3,Marketing,Male,Laboratory Technician,4,6910,5k-10k,3,No,37,26,2,
500,26,26-35,No,Sales,23,4,Other,Female,Sales Representative,3,11592,10k-15k,1,Yes,35,3,1,
501,48,46-55,No,Research & Development,26,5,Other,Male,Laboratory Technician,1,12609,10k-15k,4,No,19,25,11,
502,20,18-25,Yes,Sales,16,3,Technical Degree,Male,Manager,1,6877,5k-10k,5,No,9,16,3,
503,26,26-35,No,Research & Development,14,3,Marketing,Female,Research Scientist,3,17358,15k+,6,Yes,20,17,4,
504,21,18-25,Yes,Human Resources,6,1,Technical Degree,Female,Manager,2,7190,5k-10k,7,No,7,9,1,
505,53,46-55,No,Research & Development,28,2,Life Sciences,Female,Healthcare Representative,1,16899,15k+,3,No,11,10,16,
506,60,55+,No,Research & Development,1,5,Human Resources,Male,Research Director,4,7959,5k-10k,1,Yes,31,6,10,
507,25,18-25,No,Sales,4,3,Medical,Male,Sales Representative,1,13916,10k-15k,7,No,29,23,8,
508,39,36-45,No,Human Resources,11,5,Medical,Male,Human Resources,1,2436,Upto 5k,4,No,3,4,17,
509,23,18-25,Yes,Human Resources,25,4,Life Sciences,Male,Manager,2,14069,10k-15k,2,No,25,16,4,
510,49,46-55,No,Sales,20,2,Marketing,Male,Sales Representative,3,15167,15k+,8,Yes,31,19,12,
511,54,46-55,No,Research & Development,26,3,Human Resources,Male,Healthcare Representative,4,14863,10k-15k,6,Yes,2,5,10,
512,59,55+,No,Research & Development,21,5,Life Sciences,Female,Laboratory Technician,4,6081,5k-10k,6,Yes,30,19,4,
513,37,36-45,No,Sales,19,1,Human Resources,Male,Manager,1,9147,5k-10k,8,Yes,32,27,13,
514,60,55+,No,Sales,19,1,Human Resources,Male,Sales Representative,1,19627,15k+,7,Yes,11,16,1,
515,37,36-45,No,Sales,25,4,Human Resources,Female,Sales Representative,3,11287,10k-15k,2,Yes,11,5,8,
516,45,36-45,Yes,Human Resources,4,1,Medical,Female,Human Resources,4,18510,15k+,6,No,19,1,11,
517,37,36-45,Yes,Human Resources,7,1,Life Sciences,Male,Manager,1,3871,Upto 5k,3,No,9,8,13,
518,23,18-25,Yes,Human Resources,14,1,Life Sciences,Male,Human Resources,2,10860,10k-15k,7,No,30,1,14,
519,30,26-35,No,Human Resources,13,1,Marketing,Male,Human Resources,1,10661,10k-15k,6,No,31,36,17,
520,49,46-55,No,Research & Development,24,5,Other,Female,Research Scientist,2,14096,10k-15k,0,Yes,27,31,10,
521,35,26-35,Yes,Human Resources,20,3,Technical Degree,Female,Human Resources,1,14668,10k-15k,2,No,12,30,11,
522,50,46-55,No,Research & Development,11,5,Other,Female,Laboratory Technician,2,8199,5k-10k,4,No,26,23,15,
523,31,26-35,No,Sales,5,2,Medical,Male,Manager,4,10255,10k-15k,1,No,31,5,7,
524,21,18-25,No,Sales,12,2,Medical,Male,Manager,1,1594,Upto 5k,5,No,7,22,7,
525,32,26-35,No,Sales,26,3,Life Sciences,Female,Manager,2,16937,15k+,8,Yes,3,16,14,
526,57,55+,Yes,Sales,4,2,Other,Male,Sales Executive,2,4338,Upto 5k,5,Yes,18,28,16,
527,27,26-35,No,Research & Development,4,2,Technical Degree,Female,Research Scientist,1,12918,10k-15k,3,No,21,18,16,
528,35,26-35,No,Sales,22,2,Medical,Female,Sales Executive,2,13203,10k-15k,2,No,26,26,14,
529,19,18-25,No,Human Resources,23,5,Life Sciences,Male,Manager,3,15502,15k+,5,No,10,9,1,
530,60,55+,Yes,Research & Development,21,5,Marketing,Female,Research Scientist,4,5946,5k-10k,8,No,20,22,0,
531,57,55+,No,Research & Development,7,5,Human Resources,Female,Research Director,3,5812,5k-10k,6,Yes,19,5,1,
532,42,36-45,No,Human Resources,10,2,Life Sciences,Female,Manager,3,5128,5k-10k,2,Yes,1,33,18,
533,37,36-45,Yes,Research & Development,2,3,Marketing,Female,Laboratory Technician,1,14852,10k-15k,0,Yes,28,19,18,
534,47,46-55,No,Human Resources,19,5,Other,Male,Human Resources,3,12107,10k-15k,4,No,36,8,12,
535,24,18-25,No,Human Resources,27,3,Technical Degree,Male,Human Resources,2,11742,10k-15k,6,No,5,5,1,
536,48,46-55,Yes,Research & Development,22,5,Technical Degree,Female,Laboratory Technician,3,8038,5k-10k,9,No,40,27,14,
537,44,36-45,No,Human Resources,16,4,Medical,Male,Manager,2,6336,5k-10k,7,No,2,9,17,
538,56,55+,Yes,Research & Development,19,3,Life Sciences,Male,Research Scientist,1,14389,10k-15k,5,No,23,7,9,
539,27,26-35,No,Research & Development,29,3,Marketing,Male,Research Scientist,2,5657,5k-10k,7,Yes,7,35,11,
540,44,36-45,No,Sales,15,3,Technical Degree,Female,Sales Executive,2,16767,15k+,2,No,28,28,4,
541,23,18-25,No,Human Resources,13,3,Human Resources,Male,Manager,4,14422,10k-15k,4,Yes,10,1,18,
542,53,46-55,Yes,Human Resources,20,5,Human Resources,Male,Manager,2,5056,5k-10k,7,Yes,7,34,5,
543,31,26-35,No,Sales,26,5,Human Resources,Female,Sales Representative,4,9037,5k-10k,9,Yes,31,1,10,
544,44,36-45,No,Research & Development,9,1,Life Sciences,Male,Laboratory Technician,2,1788,Upto 5k,4,Yes,11,16,2,
545,44,36-45,No,Sales,11,2,Life Sciences,Male,Sales Representative,3,6544,5k-10k,6,Yes,20,3,13,
546,42,36-45,No,Research & Development,25,5,Human Resources,Male,Healthcare Representative,4,4963,Upto 5k,8,No,7,3,1,
547,53,46-55,No,Research & Development,14,2,Life Sciences,Female,Manufacturing Director,1,14339,10k-15k,3,Yes,19,4,13,
548,58,55+,No,Research & Development,5,3,Human Resources,Male,Research Scientist,2,17398,15k+,8,No,35,13,1,
549,57,55+,Yes,Sales,16,3,Human Resources,Female,Sales Representative,4,10478,10k-15k,5,Yes,37,10,9,
550,52,46-55,No,Sales,13,1,Medical,Female,Sales Executive,4,19451,15k+,3,No,21,4,8,
551,35,26-35,No,Human Resources,15,5,Marketing,Male,Manager,2,9058,5k-10k,0,No,0,0,5,
552,49,46-55,Yes,Research & Development,29,1,Human Resources,Male,Research Director,4,13870,10k-15k,1,No,24,34,11,
553,18,18-25,No,Research & Development,7,4,Life Sciences,Male,Laboratory Technician,1,5088,5k-10k,4,No,12,5,9,
554,32,26-35,Yes,Human Resources,16,5,Medical,Male,Human Resources,2,17181,15k+,6,Yes,17,23,16,
555,53,46-55,No,Research & Development,20,5,Medical,Male,Laboratory Technician,2,7349,5k-10k,1,Yes,16,36,7,
556,30,26-35,No,Human Resources,22,5,Technical Degree,Male,Manager,4,1757,Upto 5k,0,No,27,26,8,
557,51,46-55,No,Sales,25,1,Other,Male,Manager,1,16289,15k+,4,No,34,28,10,
558,30,26-35,No,Sales,26,1,Other,Male,Sales Representative,4,11967,10k-15k,1,Yes,12,5,10,
559,58,55+,No,Research & Development,26,1,Human Resources,Female,Research Scientist,3,4169,Upto 5k,3,Yes,30,1,10,
560,51,46-55,No,Sales,20,4,Life Sciences,Female,Sales Representative,1,8757,5k-10k,1,Yes,2,4,10,
561,26,26-35,Yes,Human Resources,20,4,Life Sciences,Male,Human Resources,1,3031,Upto 5k,8,Yes,18,24,12,
562,44,36-45,No,Sales,20,1,Technical Degree,Female,Manager,4,8638,5k-10k,6,Yes,21,1,14,
563,55,46-55,Yes,Human Resources,20,1,Human Resources,Male,Manager,2,7307,5k-10k,8,No,22,6,15,
564,29,26-35,No,Human Resources,2,2,Marketing,Female,Manager,3,8967,5k-10k,4,Yes,9,8,9,
565,36,36-45,No,Human Resources,22,2,Life Sciences,Male,Manager,1,13085,10k-15k,6,No,12,0,6,
566,30,26-35,No,Sales,11,5,Human Resources,Female,Sales Representative,3,16588,15k+,6,No,10,6,14,
567,32,26-35,Yes,Sales,8,4,Human Resources,Male,Sales Representative,2,1121,Upto 5k,7,No,24,13,12,
568,41,36-45,No,Sales,18,1,Medical,Female,Sales Executive,4,1324,Upto 5k,3,No,2,1,6,
569,29,26-35,No,Sales,11,5,Medical,Male,Sales Representative,2,8174,5k-10k,0,Yes,16,6,0,
570,42,36-45,No,Human Resources,10,4,Medical,Female,Human Resources,3,4636,Upto 5k,2,No,4,7,4,
571,30,26-35,No,Sales,11,5,Technical Degree,Male,Sales Executive,1,18450,15k+,9,Yes,34,18,4,
572,21,18-25,No,Research & Development,19,4,Medical,Male,Laboratory Technician,4,10177,10k-15k,9,Yes,10,8,12,
573,49,46-55,No,Human Resources,23,3,Human Resources,Female,Manager,4,18003,15k+,7,No,37,25,18,
574,31,26-35,No,Human Resources,8,4,Medical,Female,Human Resources,4,8193,5k-10k,6,Yes,23,12,17,
575,23,18-25,No,Sales,8,5,Life Sciences,Female,Sales Executive,3,10668,10k-15k,6,No,29,27,13,
576,38,36-45,Yes,Research & Development,15,2,Marketing,Male,Manufacturing Director,3,9946,5k-10k,1,No,32,24,17,
577,35,26-35,Yes,Human Resources,12,1,Human Resources,Male,Human Resources,3,8462,5k-10k,3,No,16,6,8,
578,56,55+,No,Sales,1,3,Marketing,Female,Manager,4,5517,5k-10k,6,Yes,30,32,4,
579,32,26-35,No,Research & Development,19,5,Technical Degree,Female,Laboratory Technician,3,7877,5k-10k,1,No,12,27,13,
580,46,46-55,No,Sales,19,2,Marketing,Male,Sales Representative,4,19299,15k+,5,No,14,1,13,
581,52,46-55,No,Human Resources,19,1,Medical,Male,Manager,3,10818,10k-15k,9,No,24,13,12,
582,42,36-45,Yes,Sales,19,4,Other,Female,Manager,1,7171,5k-10k,2,Yes,35,11,1,
583,19,18-25,Yes,Human Resources,13,3,Medical,Male,Manager,3,7117,5k-10k,8,Yes,29,3,11,
584,28,26-35,No,Human Resources,4,2,Human Resources,Female,Human Resources,4,11707,10k-15k,1,No,13,8,6,
585,60,55+,No,Research & Development,10,5,Medical,Female,Manufacturing Director,3,16557,15k+,3,Yes,9,10,2,
586,33,26-35,No,Research & Development,29,4,Technical Degree,Female,Research Director,1,18231,15k+,1,No,29,21,9,
587,29,26-35,Yes,Research & Development,20,4,Technical Degree,Female,Research Director,2,14600,10k-15k,9,Yes,25,2,7,
588,58,55+,No,Sales,3,2,Technical Degree,Female,Sales Representative,1,18620,15k+,5,Yes,6,18,10,
589,28,26-35,No,Research & Development,15,1,Life Sciences,Female,Manufacturing Director,4,9282,5k-10k,5,No,12,13,1,
590,25,18-25,No,Sales,15,4,Technical Degree,Male,Sales Representative,1,5472,5k-10k,8,Yes,28,8,15,
591,28,26-35,Yes,Research & Development,10,1,Human Resources,Female,Laboratory Technician,2,1591,Upto 5k,1,Yes,17,9,14,
592,31,26-35,Yes,Research & Development,23,1,Other,Male,Laboratory Technician,4,2128,Upto 5k,4,No,3,34,0,
593,30,26-35,No,Sales,7,1,Life Sciences,Female,Sales Representative,1,9182,5k-10k,0,No,12,4,7,
594,28,26-35,No,Sales,4,3,Marketing,Male,Manager,2,6473,5k-10k,8,No,27,2,7,
595,40,36-45,Yes,Sales,21,3,Life Sciences,Female,Sales Executive,2,11596,10k-15k,7,Yes,4,11,11,
596,31,26-35,No,Sales,16,1,Other,Male,Sales Executive,3,14470,10k-15k,1,No,40,19,4,
597,58,55+,Yes,Research & Development,1,5,Human Resources,Female,Laboratory Technician,4,11419,10k-15k,8,Yes,32,30,0,
598,57,55+,No,Sales,14,2,Human Resources,Male,Sales Executive,1,5065,5k-10k,2,No,31,18,6,
599,31,26-35,No,Sales,20,4,Other,Female,Sales Representative,2,2242,Upto 5k,4,No,2,15,13,
600,19,18-25,No,Human Resources,7,5,Life Sciences,Male,Manager,2,8504,5k-10k,9,No,33,20,5,
601,22,18-25,No,Research & Development,2,2,Medical,Male,Research Scientist,1,17110,15k+,2,Yes,15,4,2,
602,37,36-45,No,Research & Development,6,5,Medical,Female,Manufacturing Director,3,6379,5k-10k,9,No,40,12,8,
603,41,36-45,No,Research & Development,15,4,Human Resources,Female,Research Scientist,2,14049,10k-15k,7,Yes,24,24,2,
604,52,46-55,No,Research & Development,9,4,Technical Degree,Female,Research Director,4,6006,5k-10k,4,No,35,35,15,
605,26,26-35,Yes,Sales,7,1,Life Sciences,Female,Sales Representative,4,16376,15k+,6,No,25,12,12,
606,59,55+,No,Research & Development,4,4,Human Resources,Male,Healthcare Representative,2,3334,Upto 5k,6,No,22,26,15,
607,21,18-25,No,Human Resources,8,4,Life Sciences,Female,Manager,1,13626,10k-15k,2,No,38,27,4,
608,56,55+,Yes,Research & Development,25,1,Other,Female,Laboratory Technician,4,19951,15k+,9,Yes,33,10,13,
609,34,26-35,No,Sales,22,4,Human Resources,Female,Sales Representative,4,10903,10k-15k,1,Yes,40,32,11,
610,31,26-35,Yes,Sales,6,4,Life Sciences,Male,Sales Representative,1,14040,10k-15k,6,No,18,19,5,
611,29,26-35,No,Sales,17,1,Technical Degree,Male,Sales Representative,2,5401,5k-10k,3,Yes,11,12,8,
612,58,55+,No,Research & Development,10,1,Technical Degree,Male,Manufacturing Director,3,4578,Upto 5k,1,No,1,37,7,
613,24,18-25,Yes,Research & Development,1,5,Life Sciences,Male,Manufacturing Director,2,1311,Upto 5k,8,Yes,24,3,16,
614,48,46-55,No,Research & Development,12,3,Marketing,Male,Manufacturing Director,3,12043,10k-15k,6,No,39,3,11,
615,18,18-25,No,Research & Development,29,2,Life Sciences,Male,Research Scientist,3,15972,15k+,3,No,28,25,15,
616,60,55+,No,Human Resources,27,3,Life Sciences,Female,Manager,1,7158,5k-10k,5,No,14,0,15,
617,23,18-25,No,Research & Development,16,1,Other,Female,Research Director,3,12414,10k-15k,9,Yes,9,27,18,
618,26,26-35,No,Human Resources,22,5,Technical Degree,Male,Human Resources,4,17316,15k+,1,No,34,5,7,
619,60,55+,No,Sales,23,1,Medical,Female,Sales Executive,4,3930,Upto 5k,4,Yes,16,6,3,
620,52,46-55,No,Human Resources,11,2,Human Resources,Male,Human Resources,3,17120,15k+,6,No,35,5,7,
621,25,18-25,Yes,Sales,11,5,Medical,Male,Sales Representative,3,10534,10k-15k,2,No,24,5,0,
622,55,46-55,No,Research & Development,14,3,Marketing,Male,Research Scientist,2,18550,15k+,1,No,0,12,14,
623,36,36-45,No,Research & Development,5,5,Marketing,Male,Laboratory Technician,1,8173,5k-10k,9,No,19,31,3,
624,48,46-55,No,Research & Development,13,1,Marketing,Male,Research Director,2,8068,5k-10k,3,Yes,11,31,12,
625,19,18-25,No,Research & Development,22,4,Marketing,Female,Laboratory Technician,4,18954,15k+,1,No,18,12,17,
626,26,26-35,No,Research & Development,2,3,Technical Degree,Male,Research Scientist,2,11597,10k-15k,7,No,18,9,6,
627,30,26-35,No,Sales,19,1,Other,Male,Manager,4,1299,Upto 5k,6,Yes,3,6,11,
628,21,18-25,No,Research & Development,19,4,Medical,Female,Laboratory Technician,2,4845,Upto 5k,0,Yes,15,25,15,
629,29,26-35,No,Research & Development,28,4,Marketing,Female,Research Director,3,13300,10k-15k,0,Yes,7,5,3,
630,32,26-35,No,Research & Development,19,4,Marketing,Male,Research Director,2,1754,Upto 5k,6,No,27,19,18,
631,38,36-45,Yes,Sales,27,1,Technical Degree,Female,Sales Executive,1,3080,Upto 5k,8,Yes,13,7,5,
632,18,18-25,No,Human Resources,4,1,Medical,Male,Human Resources,2,19177,15k+,1,No,2,5,3,
633,41,36-45,No,Human Resources,22,1,Medical,Female,Manager,1,18839,15k+,8,No,34,10,4,
634,38,36-45,No,Human Resources,17,2,Other,Male,Manager,1,18126,15k+,3,Yes,12,9,9,
635,56,55+,No,Sales,9,2,Other,Female,Sales Executive,1,19090,15k+,8,No,16,13,5,
636,23,18-25,No,Research & Development,5,5,Medical,Male,Manufacturing Director,3,9328,5k-10k,3,No,36,27,5,
637,38,36-45,Yes,Research & Development,20,2,Life Sciences,Female,Laboratory Technician,1,15209,15k+,8,Yes,35,24,2,
638,41,36-45,Yes,Research & Development,26,2,Marketing,Male,Research Scientist,1,11928,10k-15k,6,Yes,24,6,3,
639,37,36-45,No,Sales,23,5,Marketing,Female,Manager,1,17043,15k+,0,Yes,20,6,5,
640,53,46-55,No,Research & Development,9,1,Other,Male,Research Director,2,14194,10k-15k,2,No,36,17,1,
641,33,26-35,No,Human Resources,12,4,Human Resources,Female,Manager,3,14705,10k-15k,6,Yes,19,29,2,
642,38,36-45,Yes,Research & Development,24,2,Life Sciences,Male,Manufacturing Director,1,3953,Upto 5k,1,No,35,31,0,
643,26,26-35,No,Research & Development,22,5,Other,Male,Research Director,4,16717,15k+,0,Yes,0,27,17,
644,33,26-35,Yes,Human Resources,15,2,Other,Male,Manager,2,18305,15k+,1,No,8,32,11,
645,49,46-55,No,Sales,4,3,Other,Male,Sales Representative,1,13422,10k-15k,4,No,30,10,8,
646,58,55+,No,Sales,10,5,Life Sciences,Female,Sales Executive,4,19639,15k+,0,No,0,25,14,
647,40,36-45,No,Research & Development,24,2,Technical Degree,Female,Healthcare Representative,1,4511,Upto 5k,1,No,31,0,2,
648,44,36-45,Yes,Human Resources,25,3,Medical,Female,Human Resources,4,5058,5k-10k,5,No,23,27,5,
649,24,18-25,Yes,Human Resources,12,4,Life Sciences,Female,Manager,2,15371,15k+,1,Yes,18,2,4,
650,39,36-45,No,Research & Development,16,3,Life Sciences,Female,Manufacturing Director,4,2035,Upto 5k,8,No,8,10,12,
651,26,26-35,No,Human Resources,5,2,Marketing,Male,Manager,2,4595,Upto 5k,0,No,27,6,0,
652,36,36-45,Yes,Research & Development,14,2,Human Resources,Male,Manufacturing Director,2,10247,10k-15k,3,No,7,16,7,
653,30,26-35,No,Human Resources,17,5,Medical,Male,Manager,2,16528,15k+,3,Yes,8,6,1,
654,27,26-35,No,Research & Development,3,1,Technical Degree,Female,Laboratory Technician,3,14969,10k-15k,3,Yes,21,1,15,
655,45,36-45,Yes,Sales,12,3,Marketing,Female,Manager,2,2692,Upto 5k,5,Yes,11,2,0,
656,38,36-45,No,Sales,20,1,Technical Degree,Male,Manager,3,7946,5k-10k,7,No,21,18,3,
657,18,18-25,No,Sales,24,3,Other,Female,Manager,2,19080,15k+,4,Yes,37,8,2,
658,58,55+,No,Sales,29,2,Medical,Female,Sales Executive,1,4943,Upto 5k,1,No,19,2,6,
659,20,18-25,No,Human Resources,23,3,Human Resources,Female,Human Resources,3,5188,5k-10k,7,Yes,27,4,15,
660,50,46-55,No,Research & Development,23,2,Marketing,Male,Research Director,1,1716,Upto 5k,3,No,31,10,16,
661,46,46-55,No,Sales,13,4,Human Resources,Female,Sales Executive,2,17688,15k+,2,Yes,10,24,6,
662,50,46-55,No,Human Resources,17,3,Marketing,Male,Human Resources,3,15923,15k+,4,Yes,10,14,1,
663,36,36-45,Yes,Human Resources,29,3,Medical,Female,Human Resources,1,2280,Upto 5k,3,Yes,34,7,0,
664,58,55+,Yes,Human Resources,23,5,Marketing,Male,Manager,4,13095,10k-15k,9,No,20,3,0,
665,35,26-35,No,Research & Development,18,5,Life Sciences,Female,Laboratory Technician,3,6791,5k-10k,9,Yes,28,14,10,
666,55,46-55,No,Research & Development,24,4,Marketing,Male,Laboratory Technician,4,13958,10k-15k,1,No,11,9,5,
667,54,46-55,No,Sales,1,3,Medical,Male,Sales Executive,4,17073,15k+,9,Yes,4,9,2,
668,47,46-55,No,Research & Development,5,1,Human Resources,Male,Laboratory Technician,4,14189,10k-15k,6,Yes,7,0,1,
669,23,18-25,No,Sales,20,1,Life Sciences,Male,Sales Executive,3,9770,5k-10k,1,Yes,8,9,18,
670,37,36-45,Yes,Research & Development,2,5,Other,Female,Laboratory Technician,1,11870,10k-15k,0,Yes,6,30,9,
671,44,36-45,No,Sales,1,2,Technical Degree,Female,Manager,2,5647,5k-10k,5,No,14,0,3,
672,25,18-25,No,Research & Development,10,3,Life Sciences,Female,Laboratory Technician,1,8357,5k-10k,5,Yes,2,6,4,
673,51,46-55,Yes,Sales,14,2,Other,Female,Sales Representative,3,11972,10k-15k,5,Yes,17,31,11,
674,18,18-25,No,Research & Development,13,4,Other,Female,Research Scientist,1,5870,5k-10k,1,No,17,9,2,
675,29,26-35,No,Research & Development,14,4,Other,Female,Laboratory Technician,3,13616,10k-15k,2,Yes,24,22,17,
676,52,46-55,No,Research & Development,8,4,Life Sciences,Female,Research Director,2,17141,15k+,1,Yes,23,0,6,
677,53,46-55,No,Sales,2,3,Marketing,Male,Sales Representative,3,16529,15k+,7,Yes,35,8,7,
678,21,18-25,No,Sales,23,2,Technical Degree,Male,Sales Executive,4,5515,5k-10k,5,Yes,6,7,2,
679,28,26-35,No,Research & Development,3,2,Life Sciences,Male,Research Director,4,1989,Upto 5k,2,Yes,30,8,16,
680,48,46-55,No,Human Resources,21,1,Marketing,Male,Manager,2,14484,10k-15k,0,Yes,38,11,16,
681,43,36-45,No,Sales,27,3,Human Resources,Female,Sales Executive,2,14881,10k-15k,6,Yes,17,5,16,
682,31,26-35,Yes,Research & Development,13,2,Other,Male,Laboratory Technician,4,14120,10k-15k,7,No,25,24,5,
683,59,55+,No,Sales,4,1,Marketing,Female,Sales Representative,1,14900,10k-15k,3,No,10,12,3,
684,56,55+,Yes,Sales,7,1,Medical,Female,Sales Executive,1,1359,Upto 5k,9,Yes,36,19,1,
685,23,18-25,No,Sales,25,3,Technical Degree,Male,Sales Representative,3,11112,10k-15k,6,No,8,0,10,
686,24,18-25,Yes,Research & Development,26,4,Technical Degree,Male,Research Director,3,17455,15k+,2,Yes,29,5,2,
687,31,26-35,No,Human Resources,17,5,Other,Female,Human Resources,4,5615,5k-10k,2,No,18,10,13,
688,42,36-45,No,Sales,20,1,Medical,Female,Manager,1,8835,5k-10k,0,Yes,19,13,2,
689,47,46-55,No,Research & Development,6,1,Marketing,Female,Research Scientist,3,11279,10k-15k,1,Yes,11,10,8,
690,46,46-55,No,Research & Development,16,1,Marketing,Female,Healthcare Representative,4,5602,5k-10k,6,Yes,28,7,16,
691,41,36-45,No,Human Resources,9,1,Human Resources,Male,Manager,2,3735,Upto 5k,8,Yes,9,6,9,
692,54,46-55,No,Research & Development,28,4,Other,Male,Laboratory Technician,3,14083,10k-15k,7,No,34,4,3,
693,24,18-25,Yes,Sales,11,1,Marketing,Female,Sales Executive,4,14007,10k-15k,3,No,7,17,14,
694,27,26-35,No,Sales,11,5,Life Sciences,Female,Manager,1,16399,15k+,5,No,30,9,1,
695,45,36-45,No,Sales,3,2,Life Sciences,Female,Sales Executive,4,9842,5k-10k,1,No,28,16,16,
696,34,26-35,Yes,Sales,29,4,Marketing,Female,Manager,2,7031,5k-10k,3,No,26,3,15,
697,45,36-45,No,Human Resources,1,5,Human Resources,Male,Human Resources,1,12622,10k-15k,9,Yes,20,20,0,
698,27,26-35,Yes,Sales,22,4,Marketing,Male,Sales Representative,4,17365,15k+,2,No,40,20,3,
699,30,26-35,No,Sales,20,4,Medical,Female,Sales Executive,2,14768,10k-15k,3,Yes,23,23,0,
700,50,46-55,No,Research & Development,15,4,Technical Degree,Female,Healthcare Representative,3,5087,5k-10k,8,No,33,21,3,
701,45,36-45,No,Sales,6,5,Technical Degree,Female,Sales Representative,3,13226,10k-15k,6,No,39,6,2,
702,59,55+,No,Sales,4,4,Other,Male,Sales Executive,4,1538,Upto 5k,8,Yes,18,26,6,
703,53,46-55,Yes,Sales,16,1,Marketing,Female,Sales Representative,4,13487,10k-15k,6,Yes,23,7,16,
704,60,55+,No,Research & Development,26,4,Other,Male,Healthcare Representative,1,9667,5k-10k,6,Yes,0,1,4,
705,56,55+,No,Research & Development,19,4,Medical,Female,Research Director,2,11402,10k-15k,9,No,3,21,13,
706,42,36-45,No,Sales,17,2,Technical Degree,Male,Manager,1,6692,5k-10k,2,Yes,40,25,12,
707,53,46-55,No,Human Resources,3,1,Technical Degree,Male,Manager,2,6211,5k-10k,0,Yes,36,20,0,
708,47,46-55,No,Human Resources,29,2,Marketing,Male,Human Resources,2,12734,10k-15k,6,No,3,11,2,
709,19,18-25,Yes,Sales,20,1,Life Sciences,Male,Manager,3,19984,15k+,4,Yes,5,4,15,
710,43,36-45,No,Research & Development,14,1,Technical Degree,Male,Laboratory Technician,2,4298,Upto 5k,6,No,20,31,14,
711,37,36-45,No,Sales,21,5,Life Sciences,Male,Sales Executive,3,1332,Upto 5k,5,No,39,11,17,
712,51,46-55,Yes,Sales,1,5,Life Sciences,Male,Sales Executive,2,9339,5k-10k,5,Yes,13,1,10,
713,23,18-25,No,Sales,7,1,Marketing,Female,Sales Executive,4,5147,5k-10k,7,No,32,17,6,
714,30,26-35,Yes,Research & Development,26,5,Marketing,Male,Laboratory Technician,2,10210,10k-15k,7,No,28,25,8,
715,24,18-25,Yes,Research & Development,12,3,Other,Male,Research Director,4,13551,10k-15k,2,Yes,32,16,18,
716,56,55+,No,Research & Development,4,2,Marketing,Female,Healthcare Representative,2,18383,15k+,5,Yes,4,13,11,
717,38,36-45,No,Research & Development,1,3,Medical,Female,Laboratory Technician,3,5007,5k-10k,3,Yes,24,0,6,
718,24,18-25,No,Human Resources,29,1,Human Resources,Female,Human Resources,4,19381,15k+,5,No,12,12,1,
719,20,18-25,Yes,Research & Development,15,2,Human Resources,Female,Manufacturing Director,4,9992,5k-10k,3,Yes,18,1,18,
720,36,36-45,Yes,Sales,18,5,Life Sciences,Female,Sales Representative,1,5294,5k-10k,1,No,6,25,9,
721,40,36-45,No,Research & Development,11,4,Human Resources,Male,Healthcare Representative,4,14118,10k-15k,4,No,31,5,11,
722,19,18-25,No,Human Resources,5,1,Marketing,Female,Human Resources,2,8340,5k-10k,2,Yes,12,3,17,
723,21,18-25,Yes,Sales,10,1,Marketing,Female,Manager,4,9509,5k-10k,4,Yes,8,2,14,
724,38,36-45,No,Sales,29,4,Other,Female,Sales Executive,1,5849,5k-10k,8,Yes,36,30,15,
725,48,46-55,No,Research & Development,10,1,Marketing,Male,Healthcare Representative,2,8400,5k-10k,1,Yes,31,3,6,
726,31,26-35,Yes,Sales,4,3,Medical,Female,Manager,3,16340,15k+,7,Yes,32,6,4,
727,42,36-45,No,Sales,25,4,Medical,Male,Sales Representative,3,15825,15k+,6,Yes,19,36,3,
728,24,18-25,Yes,Sales,15,2,Marketing,Male,Sales Representative,4,4611,Upto 5k,8,No,22,15,3,
729,40,36-45,Yes,Human Resources,17,4,Human Resources,Female,Human Resources,1,15138,15k+,7,No,23,6,1,
730,45,36-45,No,Human Resources,6,5,Marketing,Female,Manager,4,7354,5k-10k,1,Yes,15,7,7,
731,20,18-25,Yes,Sales,18,1,Marketing,Male,Sales Executive,4,19849,15k+,6,No,6,14,8,
732,28,26-35,No,Research & Development,23,5,Marketing,Male,Laboratory Technician,1,7670,5k-10k,2,No,19,15,5,
733,28,26-35,No,Research & Development,5,1,Other,Female,Research Scientist,4,7138,5k-10k,5,Yes,11,16,2,
734,18,18-25,No,Sales,16,2,Technical Degree,Male,Manager,1,12539,10k-15k,0,No,14,30,16,
735,24,18-25,No,Sales,11,4,Technical Degree,Female,Sales Executive,3,4276,Upto 5k,7,No,23,19,0,
736,39,36-45,No,Research & Development,9,5,Other,Male,Healthcare Representative,2,17968,15k+,6,Yes,9,22,15,
737,54,46-55,Yes,Sales,3,2,Technical Degree,Male,Sales Executive,3,15113,15k+,8,No,33,11,8,
738,39,36-45,No,Human Resources,9,3,Medical,Male,Manager,3,13813,10k-15k,9,Yes,27,29,18,
739,25,18-25,No,Research & Development,5,4,Other,Male,Healthcare Representative,3,1273,Upto 5k,9,Yes,19,31,9,
740,18,18-25,Yes,Sales,27,5,Life Sciences,Male,Sales Representative,4,15872,15k+,4,Yes,27,2,0,
741,26,26-35,No,Sales,17,5,Medical,Male,Sales Representative,3,12475,10k-15k,2,Yes,27,18,2,
742,20,18-25,No,Research & Development,22,4,Technical Degree,Female,Laboratory Technician,1,16505,15k+,4,No,38,19,5,
743,38,36-45,No,Human Resources,7,3,Medical,Female,Manager,2,19945,15k+,4,No,5,8,18,
744,52,46-55,No,Human Resources,27,4,Life Sciences,Male,Manager,4,7008,5k-10k,5,No,29,22,13,
745,44,36-45,No,Research & Development,1,4,Life Sciences,Male,Manufacturing Director,3,16115,15k+,3,No,8,1,17,
746,21,18-25,No,Human Resources,1,4,Human Resources,Female,Manager,1,13866,10k-15k,1,Yes,17,6,10,
747,36,36-45,No,Human Resources,28,1,Life Sciences,Male,Human Resources,2,19528,15k+,8,Yes,35,30,4,
748,58,55+,No,Sales,24,1,Technical Degree,Male,Manager,1,6071,5k-10k,1,Yes,9,19,3,
749,33,26-35,No,Human Resources,27,5,Technical Degree,Female,Human Resources,1,7694,5k-10k,1,No,25,6,5,
750,34,26-35,Yes,Sales,5,1,Medical,Male,Manager,2,15389,15k+,2,Yes,30,30,9,
751,55,46-55,No,Research & Development,13,4,Other,Male,Research Scientist,4,17153,15k+,6,No,9,1,9,
752,54,46-55,No,Research & Development,2,5,Technical Degree,Male,Research Scientist,3,13760,10k-15k,2,No,29,0,0,
753,50,46-55,No,Sales,23,5,Technical Degree,Male,Sales Representative,2,17489,15k+,2,No,36,13,14,
754,35,26-35,Yes,Human Resources,27,4,Technical Degree,Female,Human Resources,2,10926,10k-15k,9,No,8,20,18,
755,55,46-55,Yes,Human Resources,28,2,Medical,Male,Manager,1,14230,10k-15k,7,No,20,4,7,
756,42,36-45,Yes,Sales,9,1,Life Sciences,Male,Sales Executive,4,14764,10k-15k,5,Yes,11,4,3,
757,42,36-45,No,Human Resources,7,2,Marketing,Female,Manager,4,5365,5k-10k,4,Yes,12,10,13,
758,23,18-25,No,Human Resources,4,2,Life Sciences,Male,Human Resources,1,1794,Upto 5k,5,No,36,34,2,
759,59,55+,No,Research & Development,7,5,Technical Degree,Female,Laboratory Technician,3,18306,15k+,9,Yes,4,28,13,
760,22,18-25,Yes,Human Resources,17,3,Life Sciences,Male,Manager,4,19649,15k+,3,Yes,38,5,10,
761,36,36-45,No,Sales,3,2,Marketing,Male,Sales Executive,2,9237,5k-10k,8,No,25,24,1,
762,55,46-55,No,Human Resources,2,3,Technical Degree,Female,Human Resources,2,16433,15k+,5,Yes,8,13,17,
763,60,55+,No,Human Resources,26,5,Human Resources,Male,Manager,3,3042,Upto 5k,1,No,38,15,2,
764,26,26-35,Yes,Human Resources,16,5,Medical,Female,Manager,4,9864,5k-10k,7,No,14,1,1,
765,52,46-55,No,Sales,2,4,Technical Degree,Male,Sales Executive,4,13431,10k-15k,6,Yes,7,1,3,
766,40,36-45,No,Human Resources,2,2,Medical,Male,Manager,1,7345,5k-10k,3,No,34,21,1,
767,33,26-35,Yes,Sales,15,2,Marketing,Male,Manager,3,2863,Upto 5k,5,Yes,18,4,12,
768,60,55+,Yes,Research & Development,18,2,Technical Degree,Female,Research Scientist,2,3516,Upto 5k,7,No,23,4,9,
769,51,46-55,No,Human Resources,17,1,Life Sciences,Female,Human Resources,4,9766,5k-10k,9,No,17,5,6,
770,32,26-35,No,Sales,12,2,Life Sciences,Male,Manager,4,10992,10k-15k,7,Yes,1,31,1,
771,55,46-55,No,Research & Development,3,1,Marketing,Female,Healthcare Representative,4,13588,10k-15k,0,No,24,19,1,
772,42,36-45,No,Sales,22,3,Life Sciences,Female,Sales Executive,1,7043,5k-10k,9,No,16,27,6,
773,57,55+,No,Sales,24,1,Life Sciences,Female,Sales Representative,3,15223,15k+,8,No,27,27,18,
774,28,26-35,No,Human Resources,8,2,Life Sciences,Female,Manager,3,13494,10k-15k,1,Yes,34,18,10,
775,20,18-25,No,Human Resources,9,5,Life Sciences,Male,Manager,3,9987,5k-10k,9,No,16,11,14,
776,46,46-55,Yes,Research & Development,12,4,Other,Male,Research Scientist,4,1290,Upto 5k,0,Yes,17,29,17,
777,46,46-55,No,Research & Development,9,3,Technical Degree,Male,Research Scientist,2,6891,5k-10k,2,Yes,39,3,7,
778,20,18-25,No,Sales,19,3,Life Sciences,Male,Manager,1,7037,5k-10k,4,No,1,22,17,
779,56,55+,Yes,Human Resources,17,4,Life Sciences,Male,Human Resources,2,8690,5k-10k,3,No,36,22,13,
780,45,36-45,Yes,Sales,20,3,Marketing,Female,Manager,3,10276,10k-15k,7,No,39,1,5,
781,36,36-45,Yes,Research & Development,20,2,Marketing,Female,Research Scientist,2,5917,5k-10k,6,Yes,9,24,2,
782,54,46-55,No,Sales,24,4,Human Resources,Male,Sales Executive,1,17498,15k+,9,No,33,33,14,
783,30,26-35,No,Research & Development,11,2,Marketing,Male,Healthcare Representative,4,19849,15k+,5,Yes,15,18,13,
784,40,36-45,Yes,Research & Development,12,4,Human Resources,Male,Research Scientist,4,19365,15k+,6,Yes,36,8,17,
785,55,46-55,No,Sales,10,3,Marketing,Male,Sales Representative,1,5526,5k-10k,6,No,32,9,18,
786,29,26-35,Yes,Research & Development,14,3,Human Resources,Female,Laboratory Technician,1,15878,15k+,2,Yes,27,0,5,
787,50,46-55,No,Sales,12,2,Technical Degree,Male,Sales Executive,3,18344,15k+,1,No,21,24,3,
788,22,18-25,No,Human Resources,21,4,Other,Female,Human Resources,3,12631,10k-15k,7,Yes,11,28,16,
789,18,18-25,No,Sales,15,2,Human Resources,Female,Sales Executive,1,13120,10k-15k,3,No,31,21,1,
790,36,36-45,No,Human Resources,6,2,Life Sciences,Male,Manager,4,11577,10k-15k,8,No,36,24,10,
791,36,36-45,No,Sales,16,4,Medical,Male,Sales Representative,3,6426,5k-10k,4,Yes,14,7,4,
792,53,46-55,Yes,Sales,29,1,Human Resources,Male,Sales Executive,1,17669,15k+,7,Yes,23,10,9,
793,46,46-55,No,Human Resources,10,1,Other,Male,Manager,4,18068,15k+,6,No,16,5,4,
794,40,36-45,No,Research & Development,11,2,Human Resources,Female,Research Scientist,3,3590,Upto 5k,7,Yes,20,2,13,
795,51,46-55,No,Sales,22,1,Other,Male,Manager,2,11404,10k-15k,2,No,14,12,8,
796,49,46-55,No,Research & Development,7,1,Human Resources,Male,Laboratory Technician,1,7131,5k-10k,6,Yes,31,31,6,
797,20,18-25,No,Human Resources,21,5,Medical,Female,Human Resources,4,14702,10k-15k,8,Yes,19,14,9,
798,49,46-55,No,Human Resources,16,3,Life Sciences,Male,Manager,1,13851,10k-15k,4,No,28,20,7,
799,25,18-25,No,Human Resources,22,1,Marketing,Female,Manager,2,6773,5k-10k,7,No,38,26,7,
800,35,26-35,No,Sales,26,4,Life Sciences,Female,Sales Representative,3,17629,15k+,5,No,25,13,13,
801,21,18-25,No,Research & Development,11,1,Marketing,Female,Healthcare Representative,4,9792,5k-10k,3,Yes,34,13,3,
802,26,26-35,No,Human Resources,1,4,Life Sciences,Female,Manager,3,18687,15k+,8,Yes,3,1,6,
803,30,26-35,No,Research & Development,23,2,Marketing,Male,Research Director,3,6144,5k-10k,5,No,13,34,7,
804,19,18-25,No,Sales,26,4,Life Sciences,Male,Sales Executive,3,18254,15k+,4,Yes,14,6,7,
805,25,18-25,Yes,Sales,24,3,Life Sciences,Male,Sales Representative,1,13381,10k-15k,8,No,1,0,17,
806,24,18-25,No,Human Resources,28,3,Marketing,Female,Human Resources,1,13816,10k-15k,4,No,29,12,3,
807,48,46-55,No,Research & Development,8,4,Human Resources,Female,Research Director,4,13339,10k-15k,4,Yes,24,1,15,
808,41,36-45,No,Human Resources,19,1,Technical Degree,Male,Manager,4,18910,15k+,5,No,36,6,9,
809,58,55+,No,Research & Development,7,4,Human Resources,Male,Laboratory Technician,1,3740,Upto 5k,2,No,39,6,16,
810,21,18-25,No,Human Resources,24,3,Medical,Male,Human Resources,3,17168,15k+,9,No,0,16,6,
811,52,46-55,No,Human Resources,8,3,Technical Degree,Female,Manager,1,17377,15k+,1,No,4,20,4,
812,51,46-55,Yes,Sales,28,1,Life Sciences,Female,Sales Executive,4,4980,Upto 5k,2,No,8,10,13,
813,36,36-45,No,Research & Development,24,3,Human Resources,Female,Research Scientist,3,4852,Upto 5k,9,Yes,9,18,16,
814,57,55+,No,Human Resources,16,4,Medical,Female,Human Resources,2,13165,10k-15k,2,No,0,20,13,
815,48,46-55,No,Sales,7,2,Other,Male,Sales Executive,4,3197,Upto 5k,5,Yes,3,0,14,
816,22,18-25,No,Human Resources,8,3,Other,Male,Human Resources,2,12483,10k-15k,4,No,27,37,9,
817,43,36-45,No,Research & Development,22,2,Life Sciences,Male,Research Director,1,9347,5k-10k,3,No,11,16,18,
818,51,46-55,No,Sales,28,5,Human Resources,Female,Sales Executive,4,13548,10k-15k,3,Yes,0,14,6,
819,27,26-35,No,Sales,1,3,Life Sciences,Male,Manager,2,5696,5k-10k,8,No,27,10,10,
820,25,18-25,No,Research & Development,25,4,Other,Female,Research Director,3,8889,5k-10k,4,No,33,5,6,
821,35,26-35,No,Sales,16,3,Other,Male,Manager,4,5682,5k-10k,5,Yes,1,23,14,
822,45,36-45,No,Human Resources,7,4,Marketing,Male,Manager,1,8005,5k-10k,3,No,23,33,6,
823,37,36-45,No,Sales,9,5,Life Sciences,Female,Manager,1,11762,10k-15k,4,No,25,2,8,
824,54,46-55,No,Research & Development,21,4,Technical Degree,Male,Research Scientist,4,1997,Upto 5k,8,Yes,2,23,0,
825,29,26-35,No,Human Resources,28,1,Life Sciences,Female,Human Resources,1,5313,5k-10k,5,Yes,34,5,6,
826,39,36-45,No,Human Resources,19,3,Human Resources,Male,Human Resources,4,11370,10k-15k,6,Yes,4,10,16,
827,35,26-35,No,Sales,9,5,Medical,Female,Manager,2,3751,Upto 5k,0,No,17,11,11,
828,47,46-55,No,Sales,15,1,Life Sciences,Male,Sales Representative,2,19617,15k+,1,Yes,20,5,0,
829,31,26-35,Yes,Sales,24,2,Marketing,Male,Sales Executive,2,13272,10k-15k,4,Yes,24,18,5,
830,54,46-55,No,Research & Development,7,3,Medical,Male,Laboratory Technician,3,11339,10k-15k,4,No,16,5,15,
831,41,36-45,No,Research & Development,21,2,Life Sciences,Female,Research Director,2,12431,10k-15k,8,Yes,27,22,9,
832,50,46-55,Yes,Sales,25,2,Marketing,Male,Sales Representative,4,19075,15k+,4,Yes,7,17,5,
833,47,46-55,No,Research & Development,22,5,Life Sciences,Female,Laboratory Technician,1,11583,10k-15k,5,Yes,10,23,15,
834,59,55+,No,Research & Development,10,2,Technical Degree,Male,Healthcare Representative,1,4283,Upto 5k,7,No,37,11,13,
835,48,46-55,No,Human Resources,20,3,Technical Degree,Female,Manager,3,8981,5k-10k,0,Yes,32,6,13,
836,54,46-55,Yes,Research & Development,17,2,Marketing,Male,Healthcare Representative,2,14131,10k-15k,2,No,3,5,9,
837,47,46-55,No,Sales,22,2,Medical,Male,Sales Representative,3,13975,10k-15k,4,Yes,11,10,6,
838,33,26-35,No,Research & Development,12,1,Technical Degree,Male,Research Scientist,3,6050,5k-10k,1,No,35,25,6,
839,47,46-55,No,Research & Development,11,2,Technical Degree,Female,Manufacturing Director,3,8954,5k-10k,6,No,34,4,11,
840,19,18-25,Yes,Research & Development,8,3,Marketing,Female,Research Director,1,8264,5k-10k,9,No,4,14,4,
841,20,18-25,No,Research & Development,11,4,Other,Male,Laboratory Technician,4,7921,5k-10k,2,No,19,19,15,
842,44,36-45,No,Sales,17,1,Technical Degree,Male,Sales Representative,3,6882,5k-10k,1,No,0,10,10,
843,50,46-55,Yes,Sales,21,4,Technical Degree,Male,Manager,3,13582,10k-15k,6,No,40,7,14,
844,48,46-55,No,Human Resources,4,2,Technical Degree,Female,Manager,1,11979,10k-15k,2,Yes,21,34,8,
845,57,55+,Yes,Sales,10,1,Life Sciences,Female,Manager,4,15909,15k+,5,Yes,38,23,8,
846,36,36-45,No,Research & Development,10,3,Technical Degree,Male,Healthcare Representative,4,1771,Upto 5k,5,No,40,2,3,
847,52,46-55,No,Research & Development,18,1,Medical,Male,Research Scientist,4,13983,10k-15k,6,No,22,15,7,
848,20,18-25,No,Human Resources,5,5,Other,Male,Manager,4,3507,Upto 5k,8,Yes,21,20,9,
849,19,18-25,No,Research & Development,24,1,Technical Degree,Male,Manufacturing Director,2,7027,5k-10k,9,No,19,16,16,
850,21,18-25,No,Human Resources,25,4,Marketing,Male,Human Resources,3,13262,10k-15k,8,Yes,38,25,5,
851,35,26-35,Yes,Human Resources,26,4,Other,Male,Manager,3,1165,Upto 5k,4,No,38,26,10,
852,32,26-35,Yes,Sales,20,3,Other,Female,Sales Executive,4,1592,Upto 5k,9,No,34,20,15,
853,39,36-45,No,Human Resources,15,2,Technical Degree,Female,Human Resources,2,12160,10k-15k,8,Yes,24,16,12,
854,54,46-55,No,Sales,12,1,Medical,Female,Manager,3,3575,Upto 5k,4,No,28,29,0,
855,55,46-55,No,Sales,14,4,Life Sciences,Female,Manager,4,6463,5k-10k,3,No,34,8,12,
856,24,18-25,No,Human Resources,4,5,Marketing,Male,Human Resources,2,13967,10k-15k,6,No,22,13,13,
857,38,36-45,Yes,Human Resources,29,3,Human Resources,Female,Manager,2,12900,10k-15k,6,No,29,18,14,
858,43,36-45,No,Sales,11,4,Other,Male,Sales Executive,1,10450,10k-15k,6,No,26,0,6,
859,57,55+,No,Human Resources,17,1,Human Resources,Female,Human Resources,1,8346,5k-10k,5,Yes,10,8,15,
860,41,36-45,No,Human Resources,21,4,Human Resources,Male,Human Resources,2,1744,Upto 5k,7,No,15,11,15,
861,38,36-45,Yes,Human Resources,1,2,Human Resources,Female,Human Resources,4,5346,5k-10k,3,No,15,11,14,
862,56,55+,No,Human Resources,24,1,Life Sciences,Male,Human Resources,4,11854,10k-15k,8,No,24,4,13,
863,25,18-25,No,Research & Development,27,1,Marketing,Female,Research Director,1,18503,15k+,5,No,32,1,14,
864,24,18-25,No,Research & Development,19,1,Other,Male,Research Scientist,3,5783,5k-10k,6,No,9,15,15,
865,24,18-25,No,Sales,23,4,Medical,Female,Sales Representative,3,11814,10k-15k,4,No,21,4,8,
866,56,55+,Yes,Human Resources,10,1,Medical,Female,Manager,3,2171,Upto 5k,4,No,10,8,9,
867,36,36-45,Yes,Research & Development,10,4,Marketing,Male,Manufacturing Director,1,6060,5k-10k,3,No,9,8,0,
868,50,46-55,No,Research & Development,29,2,Marketing,Male,Healthcare Representative,3,17935,15k+,8,No,24,25,5,
869,29,26-35,Yes,Human Resources,3,3,Medical,Female,Manager,2,16859,15k+,3,Yes,17,24,3,
870,40,36-45,No,Human Resources,21,1,Other,Male,Human Resources,2,17344,15k+,5,Yes,25,29,3,
871,22,18-25,No,Research & Development,28,5,Life Sciences,Male,Research Director,4,9895,5k-10k,9,Yes,15,16,5,
872,32,26-35,Yes,Human Resources,20,3,Human Resources,Female,Human Resources,1,15944,15k+,3,Yes,8,11,9,
873,32,26-35,No,Sales,16,4,Life Sciences,Male,Sales Executive,3,8993,5k-10k,1,Yes,30,7,14,
874,30,26-35,No,Sales,20,4,Marketing,Male,Sales Representative,4,4272,Upto 5k,1,No,12,34,14,
875,44,36-45,No,Sales,11,5,Technical Degree,Female,Sales Representative,3,9871,5k-10k,4,Yes,21,17,17,
876,58,55+,No,Human Resources,6,4,Life Sciences,Female,Manager,4,15419,15k+,7,Yes,11,4,13,
877,24,18-25,No,Human Resources,18,2,Medical,Male,Manager,2,15522,15k+,3,No,32,19,10,
878,24,18-25,No,Human Resources,22,2,Marketing,Male,Manager,2,10832,10k-15k,6,Yes,10,39,5,
879,48,46-55,No,Research & Development,9,4,Marketing,Female,Research Director,2,14661,10k-15k,4,No,22,17,14,
880,54,46-55,Yes,Research & Development,13,1,Technical Degree,Female,Manufacturing Director,2,13895,10k-15k,7,No,1,12,6,
881,36,36-45,No,Human Resources,26,4,Marketing,Male,Manager,2,13238,10k-15k,9,No,17,1,2,
882,38,36-45,No,Sales,2,4,Other,Female,Sales Executive,2,16718,15k+,4,No,3,6,1,
883,35,26-35,No,Human Resources,10,1,Technical Degree,Male,Manager,1,18625,15k+,5,No,9,9,18,
884,30,26-35,No,Research & Development,11,5,Human Resources,Female,Research Director,3,19410,15k+,0,Yes,4,5,11,
885,29,26-35,No,Research & Development,12,3,Medical,Female,Laboratory Technician,3,11527,10k-15k,9,Yes,8,7,13,
886,49,46-55,Yes,Research & Development,17,3,Life Sciences,Female,Manufacturing Director,1,2573,Upto 5k,8,No,34,31,9,
887,58,55+,No,Human Resources,18,1,Human Resources,Male,Manager,1,3199,Upto 5k,9,No,39,4,2,
888,35,26-35,No,Human Resources,24,2,Other,Female,Manager,1,16260,15k+,2,No,29,28,13,
889,54,46-55,No,Sales,13,1,Life Sciences,Male,Sales Representative,3,10627,10k-15k,6,Yes,16,0,18,
890,52,46-55,No,Human Resources,19,3,Other,Male,Manager,2,15999,15k+,2,Yes,19,11,3,
891,56,55+,No,Sales,3,3,Marketing,Male,Manager,2,2292,Upto 5k,3,No,10,8,8,
892,40,36-45,No,Sales,15,1,Technical Degree,Male,Sales Executive,4,1894,Upto 5k,3,No,3,8,14,
893,31,26-35,No,Research & Development,3,2,Human Resources,Male,Laboratory Technician,2,13468,10k-15k,3,Yes,31,37,11,
894,44,36-45,No,Human Resources,26,5,Marketing,Female,Manager,3,7258,5k-10k,8,Yes,29,1,0,
895,43,36-45,No,Research & Development,10,1,Technical Degree,Female,Manufacturing Director,2,4278,Upto 5k,1,No,30,1,8,
896,20,18-25,Yes,Human Resources,1,2,Human Resources,Male,Manager,2,5611,5k-10k,7,Yes,3,15,6,
897,41,36-45,No,Human Resources,6,5,Medical,Male,Manager,3,14594,10k-15k,1,Yes,1,10,6,
898,58,55+,No,Research & Development,1,1,Marketing,Male,Manufacturing Director,4,13228,10k-15k,0,Yes,26,2,17,
899,51,46-55,Yes,Research & Development,12,2,Life Sciences,Female,Research Director,1,6562,5k-10k,1,No,29,10,17,
900,56,55+,No,Research & Development,29,3,Medical,Female,Laboratory Technician,3,1023,Upto 5k,9,Yes,30,19,18,
901,32,26-35,No,Sales,5,2,Other,Male,Sales Executive,1,17866,15k+,6,No,39,6,7,
902,29,26-35,No,Sales,15,5,Human Resources,Female,Sales Representative,2,10866,10k-15k,5,No,23,9,18,
903,42,36-45,No,Human Resources,1,2,Other,Male,Human Resources,2,2573,Upto 5k,2,No,20,0,18,
904,40,36-45,No,Research & Development,19,4,Technical Degree,Male,Manufacturing Director,4,7152,5k-10k,9,No,34,28,3,
905,59,55+,No,Human Resources,29,2,Marketing,Female,Manager,4,17858,15k+,8,No,6,21,16,
906,41,36-45,No,Research & Development,5,1,Medical,Female,Research Scientist,1,14976,10k-15k,1,No,8,1,9,
907,53,46-55,Yes,Research & Development,27,5,Medical,Male,Manufacturing Director,2,3718,Upto 5k,0,Yes,22,32,4,
908,52,46-55,No,Human Resources,17,2,Marketing,Male,Human Resources,1,12883,10k-15k,2,Yes,9,34,13,
909,21,18-25,No,Sales,17,4,Technical Degree,Female,Sales Representative,3,14135,10k-15k,2,No,0,4,8,
910,31,26-35,No,Human Resources,5,2,Technical Degree,Male,Manager,2,3189,Upto 5k,6,Yes,26,3,18,
911,40,36-45,No,Sales,9,2,Technical Degree,Male,Sales Executive,2,3311,Upto 5k,3,No,9,14,10,
912,25,18-25,No,Sales,25,5,Technical Degree,Male,Manager,4,18059,15k+,4,Yes,34,19,14,
913,39,36-45,No,Sales,29,3,Life Sciences,Female,Sales Executive,4,9916,5k-10k,9,Yes,31,2,7,
914,23,18-25,No,Human Resources,22,4,Other,Female,Human Resources,4,12880,10k-15k,0,Yes,17,15,8,
915,44,36-45,Yes,Human Resources,4,4,Medical,Female,Manager,2,9232,5k-10k,9,No,17,6,15,
916,56,55+,Yes,Human Resources,4,5,Other,Male,Manager,1,18005,15k+,1,Yes,23,24,13,
917,40,36-45,No,Research & Development,17,1,Technical Degree,Female,Research Scientist,1,15425,15k+,3,Yes,1,29,10,
918,44,36-45,No,Sales,9,3,Other,Female,Sales Representative,3,1929,Upto 5k,3,No,28,3,10,
919,28,26-35,No,Research & Development,18,3,Other,Female,Healthcare Representative,3,7860,5k-10k,2,No,5,21,11,
920,38,36-45,No,Human Resources,3,4,Marketing,Female,Human Resources,2,11021,10k-15k,6,Yes,16,6,11,
921,41,36-45,No,Research & Development,4,2,Human Resources,Female,Manufacturing Director,3,6217,5k-10k,8,Yes,25,10,2,
922,23,18-25,Yes,Sales,11,5,Marketing,Female,Sales Executive,2,14259,10k-15k,6,Yes,18,16,18,
923,32,26-35,No,Sales,5,3,Life Sciences,Female,Sales Representative,2,15501,15k+,3,Yes,14,2,6,
924,36,36-45,No,Sales,16,4,Technical Degree,Male,Sales Executive,4,8984,5k-10k,2,No,40,1,12,
925,41,36-45,No,Human Resources,29,2,Marketing,Female,Manager,1,9636,5k-10k,2,No,15,27,18,
926,50,46-55,No,Sales,26,5,Medical,Female,Sales Executive,2,16588,15k+,7,No,36,3,14,
927,49,46-55,No,Human Resources,6,1,Human Resources,Female,Manager,1,15292,15k+,5,No,9,4,11,
928,35,26-35,No,Sales,24,1,Other,Female,Manager,4,19669,15k+,2,No,13,16,9,
929,39,36-45,No,Human Resources,17,4,Medical,Female,Manager,1,8620,5k-10k,9,Yes,22,36,3,
930,22,18-25,No,Sales,24,2,Medical,Male,Manager,2,18359,15k+,0,No,7,21,2,
931,54,46-55,No,Sales,16,2,Marketing,Male,Sales Representative,1,13695,10k-15k,4,No,11,26,8,
932,29,26-35,Yes,Research & Development,12,1,Marketing,Female,Research Scientist,1,9536,5k-10k,8,No,1,25,1,
933,41,36-45,Yes,Human Resources,17,1,Life Sciences,Female,Human Resources,4,4129,Upto 5k,4,Yes,36,10,11,
934,30,26-35,No,Sales,12,1,Other,Male,Sales Executive,3,17325,15k+,9,Yes,28,11,16,
935,19,18-25,No,Sales,26,1,Marketing,Female,Sales Representative,1,2270,Upto 5k,5,Yes,37,33,5,
936,30,26-35,No,Sales,15,5,Technical Degree,Female,Sales Representative,1,6087,5k-10k,8,Yes,21,15,11,
937,49,46-55,Yes,Sales,2,4,Other,Male,Sales Executive,1,7171,5k-10k,5,No,34,12,9,
938,46,46-55,No,Research & Development,14,4,Technical Degree,Female,Laboratory Technician,1,7489,5k-10k,7,Yes,31,6,10,
939,57,55+,No,Human Resources,26,3,Other,Male,Manager,1,13740,10k-15k,3,Yes,19,19,18,
940,59,55+,No,Human Resources,2,3,Technical Degree,Male,Human Resources,3,11277,10k-15k,8,Yes,27,3,16,
941,41,36-45,Yes,Sales,6,2,Other,Female,Manager,1,2465,Upto 5k,3,No,13,13,0,
942,31,26-35,Yes,Sales,8,3,Medical,Female,Sales Representative,2,4811,Upto 5k,5,No,2,9,4,
943,57,55+,No,Human Resources,23,3,Medical,Female,Human Resources,4,9460,5k-10k,0,No,26,24,8,
944,34,26-35,No,Sales,2,4,Medical,Male,Sales Representative,1,1341,Upto 5k,1,Yes,10,31,2,
945,38,36-45,No,Sales,23,4,Marketing,Female,Manager,3,6484,5k-10k,9,No,6,7,12,
946,53,46-55,Yes,Sales,2,4,Technical Degree,Male,Sales Executive,1,17317,15k+,3,Yes,24,11,2,
947,33,26-35,No,Human Resources,24,2,Technical Degree,Male,Human Resources,2,15285,15k+,3,No,2,36,0,
948,34,26-35,No,Sales,29,1,Technical Degree,Female,Sales Representative,2,6751,5k-10k,4,Yes,14,11,6,
949,19,18-25,No,Research & Development,20,5,Marketing,Male,Manufacturing Director,2,15435,15k+,8,No,3,4,2,
950,52,46-55,No,Research & Development,24,3,Marketing,Male,Research Director,2,1572,Upto 5k,1,Yes,0,24,0,
951,42,36-45,No,Human Resources,25,1,Human Resources,Male,Human Resources,1,19577,15k+,7,No,18,7,12,
952,49,46-55,No,Research & Development,21,4,Technical Degree,Male,Laboratory Technician,4,9193,5k-10k,8,No,14,9,9,
953,42,36-45,No,Human Resources,1,4,Marketing,Male,Human Resources,1,9428,5k-10k,7,No,34,10,12,
954,40,36-45,No,Sales,14,4,Other,Female,Manager,4,7819,5k-10k,6,No,23,21,10,
955,26,26-35,No,Human Resources,23,2,Human Resources,Male,Manager,3,18364,15k+,7,No,23,13,6,
956,48,46-55,No,Research & Development,10,5,Technical Degree,Male,Laboratory Technician,2,4560,Upto 5k,3,No,35,10,12,
957,29,26-35,No,Human Resources,13,5,Other,Male,Manager,3,15515,15k+,9,Yes,25,1,6,
958,38,36-45,No,Sales,5,4,Marketing,Male,Sales Representative,1,16354,15k+,1,Yes,1,0,1,
959,38,36-45,No,Research & Development,7,3,Life Sciences,Female,Research Scientist,3,12688,10k-15k,9,No,30,12,5,
960,24,18-25,No,Research & Development,5,2,Technical Degree,Male,Healthcare Representative,4,19411,15k+,2,No,17,10,3,
961,46,46-55,Yes,Human Resources,13,4,Technical Degree,Female,Human Resources,2,4180,Upto 5k,0,No,28,2,18,
962,19,18-25,No,Sales,11,1,Marketing,Male,Sales Representative,2,17114,15k+,2,No,25,9,3,
963,58,55+,No,Human Resources,26,1,Marketing,Female,Human Resources,1,11508,10k-15k,9,No,10,18,8,
964,35,26-35,No,Sales,29,2,Life Sciences,Male,Manager,3,18053,15k+,4,No,27,1,1,
965,60,55+,No,Research & Development,5,5,Life Sciences,Male,Manufacturing Director,3,3629,Upto 5k,6,Yes,30,21,12,
966,35,26-35,No,Sales,17,4,Technical Degree,Female,Manager,2,13292,10k-15k,5,No,35,12,15,
967,23,18-25,No,Research & Development,11,5,Life Sciences,Male,Healthcare Representative,2,15741,15k+,1,Yes,4,5,11,
968,54,46-55,No,Sales,1,1,Other,Female,Sales Executive,1,8764,5k-10k,2,No,40,5,3,
969,21,18-25,No,Human Resources,3,2,Life Sciences,Male,Human Resources,1,5545,5k-10k,6,Yes,13,3,2,
970,58,55+,No,Research & Development,7,4,Human Resources,Male,Healthcare Representative,4,18345,15k+,4,Yes,28,11,16,
971,29,26-35,Yes,Sales,18,5,Medical,Male,Sales Executive,1,7478,5k-10k,3,Yes,20,14,5,
972,36,36-45,No,Research & Development,7,4,Marketing,Female,Research Director,2,14509,10k-15k,8,Yes,16,18,5,
973,22,18-25,No,Sales,2,5,Technical Degree,Male,Sales Executive,4,17184,15k+,0,Yes,20,22,11,
974,54,46-55,No,Human Resources,24,4,Marketing,Female,Human Resources,3,9599,5k-10k,7,No,34,12,7,
975,20,18-25,No,Human Resources,15,3,Technical Degree,Female,Human Resources,4,12563,10k-15k,7,Yes,9,24,13,
976,38,36-45,Yes,Sales,12,1,Technical Degree,Male,Sales Executive,2,13499,10k-15k,9,Yes,13,6,0,
977,27,26-35,Yes,Research & Development,16,4,Medical,Female,Manufacturing Director,3,9876,5k-10k,3,Yes,31,21,15,
978,28,26-35,No,Research & Development,4,1,Marketing,Female,Manufacturing Director,3,16969,15k+,2,Yes,33,3,6,
979,18,18-25,Yes,Research & Development,21,3,Other,Female,Manufacturing Director,1,11092,10k-15k,9,Yes,33,18,10,
980,26,26-35,No,Human Resources,3,1,Technical Degree,Female,Manager,4,13109,10k-15k,3,Yes,20,14,10,
981,35,26-35,No,Human Resources,11,2,Medical,Female,Manager,2,19186,15k+,9,Yes,15,21,18,
982,38,36-45,No,Research & Development,5,5,Marketing,Male,Research Scientist,4,17743,15k+,7,No,4,6,12,
983,27,26-35,No,Sales,8,1,Marketing,Female,Sales Representative,4,12920,10k-15k,8,Yes,17,3,15,
984,52,46-55,No,Research & Development,20,5,Life Sciences,Female,Research Director,1,7555,5k-10k,3,No,15,12,13,
985,37,36-45,Yes,Human Resources,1,1,Other,Female,Human Resources,1,9552,5k-10k,5,No,9,13,12,
986,56,55+,Yes,Human Resources,9,4,Marketing,Male,Human Resources,4,15553,15k+,4,Yes,37,8,10,
987,21,18-25,No,Sales,5,3,Other,Female,Sales Executive,1,11699,10k-15k,6,No,25,11,10,
988,59,55+,No,Human Resources,19,1,Human Resources,Male,Human Resources,2,10270,10k-15k,7,Yes,4,8,4,
989,28,26-35,No,Sales,12,3,Life Sciences,Female,Manager,3,8700,5k-10k,1,No,25,5,1,
990,59,55+,No,Human Resources,3,2,Technical Degree,Male,Manager,1,13975,10k-15k,4,Yes,15,3,17,
991,59,55+,Yes,Sales,8,2,Medical,Male,Sales Executive,3,8389,5k-10k,5,No,40,25,0,
992,49,46-55,No,Human Resources,2,2,Human Resources,Male,Manager,2,1770,Upto 5k,3,No,0,22,2,
993,50,46-55,No,Human Resources,18,1,Other,Female,Manager,3,6379,5k-10k,8,No,32,24,5,
994,34,26-35,No,Sales,9,4,Life Sciences,Female,Manager,4,11960,10k-15k,0,No,38,12,12,
995,25,18-25,No,Sales,24,2,Medical,Female,Sales Executive,2,2365,Upto 5k,9,No,23,24,1,
996,54,46-55,No,Human Resources,10,1,Medical,Male,Human Resources,3,9268,5k-10k,3,No,24,13,14,
997,28,26-35,No,Research & Development,10,2,Life Sciences,Male,Research Director,1,17111,15k+,0,Yes,0,17,0,
998,42,36-45,Yes,Research & Development,12,2,Other,Male,Manufacturing Director,4,19615,15k+,5,Yes,17,10,0,
999,25,18-25,No,Research & Development,29,2,Life Sciences,Male,Research Scientist,4,10897,10k-15k,2,Yes,7,5,7,
1000,53,46-55,Yes,Research & Development,19,4,Life Sciences,Male,Research Director,2,9950,5k-10k,1,No,24,1,1,
1001,47,46-55,No,Research & Development,19,1,Other,Male,Manufacturing Director,3,14514,10k-15k,4,No,12,11,0,
1002,30,26-35,No,Human Resources,21,1,Human Resources,Female,Manager,4,8694,5k-10k,3,Yes,18,23,2,
1003,47,46-55,No,Human Resources,22,3,Other,Male,Manager,3,16482,15k+,5,No,11,34,12,
1004,40,36-45,No,Research & Development,25,4,Other,Female,Manufacturing Director,3,10582,10k-15k,6,Yes,38,9,4,
1005,59,55+,No,Research & Development,28,2,Life Sciences,Female,Healthcare Representative,2,16288,15k+,9,No,34,28,5,
1006,31,26-35,No,Human Resources,29,1,Human Resources,Male,Human Resources,1,13987,10k-15k,9,Yes,16,5,5,
1007,39,36-45,No,Human Resources,27,3,Human Resources,Female,Human Resources,4,17029,15k+,3,No,26,6,7,
1008,27,26-35,No,Human Resources,17,1,Technical Degree,Male,Manager,1,7171,5k-10k,4,Yes,25,0,6,
1009,30,26-35,Yes,Human Resources,4,2,Medical,Male,Human Resources,1,1770,Upto 5k,4,No,7,1,11,
1010,18,18-25,No,Human Resources,7,3,Technical Degree,Female,Manager,1,10837,10k-15k,7,Yes,31,20,11,
1011,48,46-55,No,Sales,14,5,Human Resources,Female,Sales Representative,4,13574,10k-15k,0,No,2,31,2,
1012,52,46-55,No,Research & Development,27,1,Technical Degree,Female,Healthcare Representative,3,4016,Upto 5k,3,No,2,5,9,
1013,31,26-35,Yes,Human Resources,5,5,Other,Male,Manager,4,14454,10k-15k,1,Yes,29,6,18,
1014,59,55+,No,Research & Development,23,5,Technical Degree,Male,Research Director,4,2596,Upto 5k,4,Yes,2,16,10,
1015,27,26-35,No,Research & Development,8,1,Technical Degree,Male,Research Scientist,4,3517,Upto 5k,0,No,11,12,10,
1016,32,26-35,Yes,Human Resources,5,2,Other,Male,Manager,4,15570,15k+,7,No,27,1,16,
1017,58,55+,No,Human Resources,2,3,Technical Degree,Female,Manager,1,18808,15k+,1,Yes,16,6,15,
1018,33,26-35,Yes,Research & Development,3,5,Medical,Male,Research Director,4,5506,5k-10k,8,No,35,7,15,
1019,29,26-35,No,Sales,8,2,Medical,Female,Manager,2,14541,10k-15k,6,Yes,23,3,16,
1020,51,46-55,No,Sales,10,2,Marketing,Male,Sales Executive,4,9712,5k-10k,3,Yes,30,30,15,
1021,29,26-35,No,Sales,18,1,Medical,Male,Sales Executive,2,13709,10k-15k,1,No,32,4,18,
1022,58,55+,No,Sales,8,3,Technical Degree,Male,Sales Executive,4,14549,10k-15k,0,No,25,1,6,
1023,43,36-45,No,Human Resources,8,2,Technical Degree,Female,Manager,2,15739,15k+,3,No,31,4,13,
1024,44,36-45,Yes,Human Resources,29,2,Other,Male,Human Resources,3,3173,Upto 5k,4,No,17,29,10,
1025,56,55+,No,Research & Development,16,5,Technical Degree,Female,Research Director,2,11718,10k-15k,7,No,5,19,10,
1026,34,26-35,No,Human Resources,20,5,Medical,Female,Human Resources,3,9788,5k-10k,3,Yes,22,17,6,
1027,44,36-45,No,Research & Development,22,2,Human Resources,Male,Research Director,3,10126,10k-15k,3,No,34,16,10,
1028,55,46-55,Yes,Sales,24,3,Other,Male,Sales Representative,2,18043,15k+,9,No,11,11,11,
1029,48,46-55,No,Sales,11,2,Marketing,Male,Sales Representative,3,9871,5k-10k,1,No,35,25,0,
1030,34,26-35,No,Sales,18,5,Marketing,Female,Sales Executive,2,17221,15k+,4,Yes,27,29,15,
1031,48,46-55,No,Human Resources,5,2,Life Sciences,Female,Human Resources,1,15325,15k+,0,Yes,17,6,17,
1032,26,26-35,Yes,Human Resources,29,5,Life Sciences,Male,Manager,1,4142,Upto 5k,5,No,18,27,7,
1033,57,55+,No,Sales,12,2,Medical,Male,Sales Executive,3,19697,15k+,3,Yes,24,13,17,
1034,28,26-35,No,Human Resources,9,4,Life Sciences,Male,Human Resources,2,3987,Upto 5k,6,Yes,15,29,5,
1035,35,26-35,No,Sales,10,4,Human Resources,Female,Sales Executive,4,4518,Upto 5k,3,Yes,6,0,13,
1036,46,46-55,No,Human Resources,25,4,Life Sciences,Female,Manager,2,5927,5k-10k,7,No,33,21,10,
1037,50,46-55,No,Sales,12,2,Other,Male,Sales Representative,4,13710,10k-15k,2,No,13,13,10,
1038,35,26-35,No,Research & Development,13,5,Technical Degree,Male,Manufacturing Director,2,9151,5k-10k,1,No,1,18,18,
1039,42,36-45,No,Research & Development,15,4,Life Sciences,Female,Healthcare Representative,3,1671,Upto 5k,5,Yes,17,23,8,
1040,28,26-35,No,Research & Development,20,5,Medical,Male,Laboratory Technician,4,8180,5k-10k,5,Yes,14,5,5,
1041,53,46-55,Yes,Sales,9,4,Medical,Female,Manager,2,2640,Upto 5k,6,No,11,14,13,
1042,51,46-55,No,Research & Development,20,1,Human Resources,Male,Laboratory Technician,3,3188,Upto 5k,8,No,27,10,7,
1043,56,55+,No,Sales,9,2,Human Resources,Male,Sales Executive,4,3524,Upto 5k,8,No,11,4,17,
1044,18,18-25,No,Sales,17,1,Human Resources,Male,Sales Executive,4,11665,10k-15k,2,Yes,3,10,4,
1045,56,55+,No,Sales,15,2,Technical Degree,Male,Sales Executive,1,13032,10k-15k,3,Yes,40,36,1,
1046,26,26-35,No,Sales,26,4,Other,Female,Sales Representative,4,1018,Upto 5k,8,No,33,18,18,
1047,34,26-35,No,Human Resources,28,4,Medical,Male,Manager,2,18153,15k+,1,No,19,7,13,
1048,37,36-45,No,Research & Development,7,1,Medical,Female,Manufacturing Director,2,13242,10k-15k,7,Yes,19,1,7,
1049,32,26-35,No,Sales,15,4,Marketing,Male,Sales Executive,4,15386,15k+,2,No,3,15,4,
1050,36,36-45,No,Human Resources,13,4,Life Sciences,Female,Human Resources,3,13256,10k-15k,8,No,2,3,2,
1051,30,26-35,No,Research & Development,4,2,Other,Female,Healthcare Representative,1,11169,10k-15k,0,Yes,40,32,11,
1052,43,36-45,No,Sales,20,3,Marketing,Female,Sales Representative,1,11945,10k-15k,8,Yes,28,31,13,
1053,60,55+,No,Human Resources,5,4,Marketing,Female,Human Resources,3,18956,15k+,2,Yes,12,5,12,
1054,32,26-35,No,Research & Development,5,2,Technical Degree,Male,Manufacturing Director,4,2372,Upto 5k,2,No,35,2,8,
1055,22,18-25,No,Sales,16,1,Medical,Female,Sales Executive,2,6354,5k-10k,7,Yes,5,2,10,
1056,48,46-55,No,Human Resources,29,3,Other,Female,Manager,2,9456,5k-10k,9,No,38,15,7,
1057,48,46-55,No,Sales,10,4,Other,Female,Sales Representative,1,9919,5k-10k,9,No,16,6,4,
1058,32,26-35,No,Human Resources,4,5,Human Resources,Female,Human Resources,4,9150,5k-10k,6,No,36,21,9,
1059,28,26-35,No,Sales,29,1,Technical Degree,Female,Sales Executive,4,16767,15k+,2,No,30,1,10,
1060,37,36-45,No,Research & Development,16,4,Human Resources,Male,Research Scientist,4,8722,5k-10k,6,Yes,18,15,5,
1061,56,55+,No,Research & Development,3,1,Life Sciences,Male,Laboratory Technician,1,11719,10k-15k,2,No,31,5,4,
1062,48,46-55,Yes,Sales,27,3,Other,Female,Sales Executive,1,6818,5k-10k,0,Yes,19,2,3,
1063,23,18-25,Yes,Sales,7,2,Technical Degree,Female,Manager,1,2294,Upto 5k,4,No,39,33,2,
1064,26,26-35,No,Human Resources,9,2,Other,Male,Manager,4,3128,Upto 5k,9,Yes,18,2,12,
1065,48,46-55,No,Research & Development,10,3,Other,Female,Laboratory Technician,4,15827,15k+,3,No,20,13,7,
1066,27,26-35,Yes,Research & Development,29,1,Medical,Male,Laboratory Technician,4,2205,Upto 5k,2,Yes,4,5,10,
1067,55,46-55,No,Human Resources,4,5,Other,Female,Manager,2,8839,5k-10k,7,Yes,23,10,12,
1068,22,18-25,No,Sales,26,3,Technical Degree,Male,Sales Representative,4,2602,Upto 5k,7,No,20,2,4,
1069,60,55+,No,Research & Development,6,1,Medical,Female,Manufacturing Director,4,11314,10k-15k,1,No,21,9,1,
1070,50,46-55,No,Sales,24,2,Technical Degree,Male,Sales Executive,1,17231,15k+,5,No,39,17,10,
1071,48,46-55,No,Sales,11,5,Marketing,Female,Sales Executive,2,17419,15k+,6,Yes,29,12,17,
1072,47,46-55,No,Research & Development,14,5,Other,Male,Research Director,4,2458,Upto 5k,6,No,38,18,7,
1073,32,26-35,No,Research & Development,21,1,Medical,Female,Research Director,4,15721,15k+,4,Yes,33,14,1,
1074,33,26-35,No,Sales,3,3,Human Resources,Female,Sales Representative,1,14008,10k-15k,8,No,38,0,15,
1075,52,46-55,No,Human Resources,28,2,Technical Degree,Female,Human Resources,2,19099,15k+,8,Yes,0,18,2,
1076,48,46-55,Yes,Research & Development,24,3,Medical,Female,Laboratory Technician,3,1677,Upto 5k,6,Yes,27,6,5,
1077,36,36-45,No,Research & Development,21,1,Life Sciences,Male,Research Scientist,1,11141,10k-15k,0,Yes,4,17,5,
1078,39,36-45,No,Sales,25,5,Technical Degree,Male,Sales Representative,4,4979,Upto 5k,9,No,5,22,2,
1079,42,36-45,No,Research & Development,24,1,Human Resources,Male,Laboratory Technician,1,7202,5k-10k,2,Yes,21,10,16,
1080,48,46-55,No,Human Resources,13,4,Life Sciences,Female,Human Resources,2,12514,10k-15k,2,Yes,39,1,15,
1081,32,26-35,No,Human Resources,13,3,Other,Female,Human Resources,2,17199,15k+,0,Yes,28,12,0,
1082,19,18-25,No,Human Resources,27,1,Marketing,Female,Manager,1,13207,10k-15k,2,Yes,38,21,17,
1083,26,26-35,No,Sales,18,3,Life Sciences,Male,Manager,3,16513,15k+,3,No,34,27,9,
1084,21,18-25,No,Sales,27,4,Medical,Female,Sales Executive,3,10837,10k-15k,6,Yes,33,8,2,
1085,37,36-45,Yes,Research & Development,10,3,Medical,Male,Healthcare Representative,2,14332,10k-15k,8,Yes,23,1,3,
1086,38,36-45,No,Research & Development,19,1,Medical,Male,Healthcare Representative,3,5054,5k-10k,4,Yes,35,11,17,
1087,60,55+,No,Research & Development,25,1,Marketing,Female,Research Director,1,10749,10k-15k,5,No,3,6,2,
1088,18,18-25,Yes,Sales,26,3,Technical Degree,Male,Manager,3,4500,Upto 5k,2,Yes,5,21,5,
1089,54,46-55,No,Sales,16,2,Other,Male,Manager,2,4403,Upto 5k,8,Yes,26,0,16,
1090,30,26-35,No,Research & Development,14,2,Human Resources,Female,Research Director,2,17143,15k+,8,No,22,8,12,
1091,55,46-55,No,Human Resources,28,1,Other,Female,Manager,3,10426,10k-15k,9,No,0,7,12,
1092,34,26-35,No,Human Resources,21,5,Life Sciences,Male,Human Resources,2,5200,5k-10k,0,Yes,15,2,2,
1093,26,26-35,No,Human Resources,19,1,Other,Male,Manager,1,8147,5k-10k,0,No,6,17,6,
1094,27,26-35,No,Research & Development,14,4,Other,Female,Laboratory Technician,4,5038,5k-10k,3,Yes,13,23,11,
1095,60,55+,No,Sales,9,4,Life Sciences,Female,Manager,1,8955,5k-10k,6,No,10,3,1,
1096,51,46-55,No,Human Resources,29,3,Medical,Female,Manager,3,10472,10k-15k,2,No,0,13,16,
1097,47,46-55,No,Sales,15,2,Other,Female,Manager,4,12398,10k-15k,6,No,10,19,7,
1098,19,18-25,No,Research & Development,18,5,Other,Male,Laboratory Technician,1,8681,5k-10k,4,No,33,16,3,
1099,37,36-45,Yes,Research & Development,29,1,Medical,Female,Research Director,3,14228,10k-15k,3,Yes,40,1,16,
1100,19,18-25,No,Sales,11,1,Technical Degree,Male,Sales Executive,2,11727,10k-15k,1,No,27,16,8,
1101,58,55+,No,Human Resources,12,1,Technical Degree,Female,Human Resources,2,14171,10k-15k,3,No,2,21,11,
1102,52,46-55,No,Research & Development,18,1,Other,Male,Laboratory Technician,1,11925,10k-15k,9,Yes,14,26,1,
1103,44,36-45,Yes,Sales,18,4,Other,Male,Sales Representative,2,18530,15k+,3,Yes,23,4,1,
1104,55,46-55,No,Research & Development,21,5,Technical Degree,Male,Research Scientist,1,14406,10k-15k,5,Yes,39,7,2,
1105,52,46-55,No,Research & Development,9,5,Medical,Male,Research Director,4,8903,5k-10k,3,No,21,2,2,
1106,54,46-55,No,Human Resources,12,3,Technical Degree,Male,Human Resources,1,10098,10k-15k,1,Yes,17,0,5,
1107,20,18-25,No,Sales,7,2,Marketing,Female,Sales Executive,1,6878,5k-10k,7,Yes,39,8,1,
1108,31,26-35,No,Sales,25,3,Other,Female,Manager,2,13014,10k-15k,1,Yes,30,24,0,
1109,20,18-25,No,Sales,29,4,Life Sciences,Male,Sales Representative,2,18466,15k+,3,Yes,9,11,3,
1110,28,26-35,No,Research & Development,29,5,Human Resources,Female,Laboratory Technician,4,9720,5k-10k,2,Yes,28,27,5,
1111,35,26-35,No,Human Resources,24,1,Medical,Female,Manager,3,11345,10k-15k,6,No,5,16,3,
1112,21,18-25,No,Human Resources,4,5,Technical Degree,Female,Human Resources,2,8528,5k-10k,0,Yes,34,14,4,
1113,50,46-55,No,Sales,18,1,Marketing,Male,Sales Executive,3,18814,15k+,4,No,35,4,5,
1114,49,46-55,No,Sales,8,1,Human Resources,Male,Sales Representative,4,7727,5k-10k,1,No,40,8,2,
1115,47,46-55,No,Human Resources,11,1,Life Sciences,Male,Manager,1,6394,5k-10k,0,Yes,5,17,5,
1116,23,18-25,No,Human Resources,4,4,Human Resources,Female,Human Resources,1,7239,5k-10k,9,Yes,9,22,10,
1117,50,46-55,No,Research & Development,3,5,Medical,Female,Research Scientist,3,10498,10k-15k,7,Yes,9,11,9,
1118,38,36-45,Yes,Human Resources,14,4,Life Sciences,Male,Human Resources,1,13433,10k-15k,0,No,15,24,11,
1119,23,18-25,No,Human Resources,5,4,Technical Degree,Male,Manager,2,12844,10k-15k,6,Yes,17,32,7,
1120,60,55+,No,Research & Development,6,5,Technical Degree,Male,Healthcare Representative,1,2605,Upto 5k,7,Yes,26,13,7,
1121,57,55+,No,Research & Development,26,1,Human Resources,Male,Research Director,2,19293,15k+,1,Yes,17,3,3,
1122,51,46-55,No,Research & Development,24,1,Marketing,Female,Healthcare Representative,2,5071,5k-10k,8,No,31,15,16,
1123,30,26-35,No,Sales,8,2,Other,Male,Sales Representative,2,18312,15k+,6,No,10,4,18,
1124,44,36-45,Yes,Human Resources,29,4,Other,Male,Manager,3,10751,10k-15k,8,No,13,6,9,
1125,47,46-55,No,Research & Development,21,4,Medical,Female,Research Scientist,3,2336,Upto 5k,4,Yes,11,24,7,
1126,39,36-45,No,Human Resources,28,1,Other,Male,Manager,4,18808,15k+,6,No,26,11,9,
1127,32,26-35,No,Human Resources,23,5,Human Resources,Male,Human Resources,3,4570,Upto 5k,5,Yes,29,23,1,
1128,20,18-25,Yes,Human Resources,28,3,Medical,Male,Manager,2,10492,10k-15k,3,No,12,33,8,
1129,25,18-25,No,Human Resources,26,1,Life Sciences,Male,Manager,4,13934,10k-15k,8,No,7,14,1,
1130,33,26-35,No,Human Resources,16,2,Medical,Female,Human Resources,3,3995,Upto 5k,3,Yes,26,2,2,
1131,50,46-55,No,Sales,4,4,Human Resources,Female,Manager,1,17274,15k+,0,Yes,13,1,0,
1132,39,36-45,No,Human Resources,27,5,Human Resources,Male,Human Resources,2,14599,10k-15k,6,No,30,7,15,
1133,56,55+,No,Research & Development,29,5,Other,Male,Healthcare Representative,4,4922,Upto 5k,5,No,8,3,2,
1134,22,18-25,No,Research & Development,19,3,Life Sciences,Female,Research Director,2,5036,5k-10k,3,No,33,30,10,
1135,26,26-35,Yes,Sales,24,2,Medical,Male,Manager,1,14345,10k-15k,3,No,17,12,10,
1136,23,18-25,No,Research & Development,28,3,Medical,Female,Research Scientist,1,9360,5k-10k,5,Yes,21,2,15,
1137,45,36-45,No,Research & Development,4,2,Technical Degree,Male,Manufacturing Director,1,2519,Upto 5k,3,Yes,33,13,11,
1138,56,55+,No,Research & Development,22,4,Life Sciences,Female,Manufacturing Director,2,3896,Upto 5k,1,Yes,13,1,10,
1139,45,36-45,No,Research & Development,19,1,Technical Degree,Female,Research Scientist,4,17681,15k+,8,Yes,39,13,16,
1140,20,18-25,No,Research & Development,18,1,Human Resources,Female,Healthcare Representative,2,4795,Upto 5k,5,No,15,15,17,
1141,44,36-45,Yes,Human Resources,12,5,Other,Male,Human Resources,1,2511,Upto 5k,1,No,28,1,1,
1142,54,46-55,No,Human Resources,6,1,Other,Female,Manager,3,3124,Upto 5k,9,Yes,25,18,18,
1143,57,55+,No,Human Resources,22,3,Human Resources,Female,Manager,1,19766,15k+,8,No,9,24,11,
1144,58,55+,Yes,Human Resources,19,1,Marketing,Male,Manager,3,19637,15k+,9,Yes,11,12,3,
1145,36,36-45,No,Sales,18,1,Technical Degree,Male,Sales Executive,4,5629,5k-10k,2,No,40,7,14,
1146,59,55+,No,Research & Development,10,5,Other,Male,Research Scientist,2,15483,15k+,5,No,15,11,4,
1147,36,36-45,No,Human Resources,29,1,Medical,Female,Human Resources,3,1100,Upto 5k,0,Yes,25,22,11,
1148,45,36-45,No,Human Resources,13,5,Technical Degree,Female,Human Resources,4,9717,5k-10k,1,Yes,0,5,15,
1149,27,26-35,No,Research & Development,11,1,Marketing,Male,Research Scientist,3,7235,5k-10k,6,Yes,15,33,9,
1150,58,55+,No,Human Resources,6,4,Medical,Male,Manager,1,2329,Upto 5k,8,No,38,1,12,
1151,25,18-25,Yes,Sales,3,2,Human Resources,Female,Sales Executive,1,13687,10k-15k,0,Yes,24,32,1,
1152,23,18-25,No,Human Resources,28,3,Life Sciences,Female,Manager,4,10602,10k-15k,2,Yes,37,28,13,
1153,21,18-25,No,Human Resources,9,1,Technical Degree,Female,Human Resources,4,13070,10k-15k,9,No,25,10,1,
1154,26,26-35,No,Human Resources,20,2,Marketing,Male,Manager,1,14212,10k-15k,7,No,24,3,5,
1155,34,26-35,No,Human Resources,22,5,Marketing,Male,Human Resources,2,1744,Upto 5k,3,Yes,29,14,2,
1156,40,36-45,No,Sales,13,1,Technical Degree,Male,Sales Representative,4,6611,5k-10k,0,Yes,10,6,2,
1157,18,18-25,No,Human Resources,14,2,Human Resources,Female,Human Resources,2,13446,10k-15k,7,No,34,7,11,
1158,30,26-35,Yes,Research & Development,22,5,Marketing,Female,Research Scientist,3,8151,5k-10k,9,Yes,10,28,10,
1159,43,36-45,Yes,Sales,27,1,Technical Degree,Female,Sales Executive,3,10634,10k-15k,0,Yes,28,13,8,
1160,48,46-55,No,Sales,29,4,Other,Female,Sales Representative,2,18504,15k+,2,Yes,0,6,2,
1161,52,46-55,No,Research & Development,9,5,Technical Degree,Male,Research Director,3,6976,5k-10k,7,No,14,6,7,
1162,25,18-25,No,Human Resources,11,4,Life Sciences,Female,Human Resources,2,17885,15k+,9,No,1,11,18,
1163,43,36-45,No,Human Resources,2,4,Technical Degree,Male,Manager,4,4899,Upto 5k,8,Yes,0,23,0,
1164,27,26-35,Yes,Research & Development,21,3,Marketing,Male,Research Director,1,3764,Upto 5k,6,No,0,10,17,
1165,34,26-35,Yes,Research & Development,3,5,Other,Male,Research Scientist,1,14268,10k-15k,9,Yes,20,36,12,
1166,20,18-25,No,Research & Development,22,3,Medical,Female,Research Director,3,19269,15k+,8,Yes,10,8,1,
1167,56,55+,No,Research & Development,24,5,Other,Female,Research Scientist,3,8530,5k-10k,2,No,38,21,16,
1168,59,55+,No,Human Resources,21,5,Human Resources,Female,Human Resources,1,3752,Upto 5k,7,Yes,22,11,7,
1169,46,46-55,No,Human Resources,25,2,Life Sciences,Female,Manager,3,13795,10k-15k,6,Yes,39,4,14,
1170,52,46-55,No,Research & Development,28,5,Human Resources,Female,Research Director,4,17137,15k+,2,Yes,20,24,18,
1171,20,18-25,No,Sales,1,4,Other,Male,Sales Representative,2,18437,15k+,5,Yes,17,1,11,
1172,57,55+,No,Research & Development,1,1,Medical,Female,Manufacturing Director,2,11874,10k-15k,5,No,17,16,5,
1173,47,46-55,Yes,Human Resources,27,5,Marketing,Male,Manager,2,13912,10k-15k,2,No,25,12,6,
1174,39,36-45,No,Human Resources,22,3,Medical,Female,Human Resources,4,14267,10k-15k,2,No,24,10,18,
1175,55,46-55,No,Sales,20,3,Life Sciences,Male,Sales Representative,1,8263,5k-10k,8,No,23,14,0,
1176,51,46-55,No,Human Resources,18,3,Life Sciences,Female,Manager,4,9613,5k-10k,4,No,14,0,6,
1177,25,18-25,Yes,Research & Development,27,1,Technical Degree,Female,Research Director,2,17787,15k+,0,Yes,33,21,18,
1178,20,18-25,Yes,Sales,10,1,Marketing,Female,Sales Representative,4,3818,Upto 5k,1,No,20,12,3,
1179,29,26-35,No,Sales,27,4,Technical Degree,Male,Manager,2,12996,10k-15k,6,No,20,2,0,
1180,27,26-35,No,Human Resources,26,1,Life Sciences,Female,Manager,2,4575,Upto 5k,7,No,39,18,3,
1181,53,46-55,No,Human Resources,5,4,Life Sciences,Female,Manager,3,2970,Upto 5k,2,Yes,32,33,17,
1182,28,26-35,No,Research & Development,26,4,Technical Degree,Male,Manufacturing Director,3,5484,5k-10k,9,No,28,21,14,
1183,28,26-35,No,Research & Development,17,3,Other,Female,Healthcare Representative,3,5529,5k-10k,9,No,23,20,9,
1184,26,26-35,No,Sales,3,4,Marketing,Male,Manager,2,10979,10k-15k,0,Yes,2,9,9,
1185,55,46-55,No,Research & Development,5,1,Marketing,Female,Laboratory Technician,1,8605,5k-10k,3,Yes,20,4,15,
1186,31,26-35,No,Sales,22,1,Marketing,Female,Manager,3,14948,10k-15k,8,No,24,35,15,
1187,32,26-35,No,Sales,26,4,Other,Female,Sales Representative,4,14863,10k-15k,2,Yes,8,23,16,
1188,41,36-45,No,Human Resources,3,5,Medical,Male,Human Resources,1,10434,10k-15k,2,Yes,4,8,6,
1189,59,55+,No,Human Resources,3,1,Technical Degree,Male,Human Resources,1,1232,Upto 5k,8,Yes,26,16,15,
1190,53,46-55,Yes,Sales,6,4,Technical Degree,Male,Sales Executive,4,16177,15k+,2,Yes,22,22,14,
1191,41,36-45,No,Research & Development,5,4,Medical,Male,Healthcare Representative,3,19416,15k+,2,Yes,32,29,12,
1192,24,18-25,No,Human Resources,6,4,Life Sciences,Female,Human Resources,2,13861,10k-15k,1,No,13,3,14,
1193,54,46-55,No,Human Resources,6,2,Human Resources,Male,Human Resources,4,7099,5k-10k,2,Yes,27,1,18,
1194,37,36-45,No,Sales,8,2,Marketing,Female,Manager,2,8742,5k-10k,9,Yes,20,35,9,
1195,25,18-25,No,Research & Development,29,4,Medical,Male,Manufacturing Director,4,17026,15k+,4,Yes,1,29,10,
1196,54,46-55,No,Research & Development,4,2,Technical Degree,Female,Healthcare Representative,1,17322,15k+,2,Yes,28,4,5,
1197,33,26-35,No,Sales,24,1,Medical,Female,Sales Representative,3,16352,15k+,2,Yes,8,9,0,
1198,26,26-35,No,Human Resources,24,1,Human Resources,Male,Human Resources,2,12937,10k-15k,0,Yes,16,25,15,
1199,51,46-55,No,Human Resources,15,3,Other,Male,Manager,3,17497,15k+,8,No,11,15,17,
1200,20,18-25,No,Research & Development,10,2,Technical Degree,Male,Research Scientist,3,7618,5k-10k,1,No,4,1,5,
1201,54,46-55,No,Sales,21,5,Medical,Female,Manager,1,4066,Upto 5k,1,No,12,1,8,
1202,21,18-25,No,Human Resources,16,1,Medical,Female,Human Resources,1,7433,5k-10k,9,Yes,9,0,1,
1203,27,26-35,Yes,Human Resources,28,4,Technical Degree,Female,Human Resources,2,4786,Upto 5k,0,Yes,38,5,3,
1204,43,36-45,No,Sales,2,1,Human Resources,Male,Sales Representative,4,4424,Upto 5k,2,No,33,8,7,
1205,31,26-35,No,Sales,14,4,Marketing,Male,Manager,1,2213,Upto 5k,2,No,19,18,3,
1206,29,26-35,No,Sales,26,5,Other,Female,Sales Representative,2,4291,Upto 5k,5,Yes,36,5,4,
1207,36,36-45,Yes,Sales,27,5,Medical,Female,Manager,3,13306,10k-15k,6,Yes,0,8,18,
1208,26,26-35,No,Human Resources,8,4,Life Sciences,Male,Manager,3,17271,15k+,3,No,22,1,10,
1209,42,36-45,No,Human Resources,1,3,Life Sciences,Male,Manager,1,11057,10k-15k,2,No,3,8,3,
1210,28,26-35,No,Research & Development,9,1,Medical,Male,Research Director,4,16706,15k+,1,No,27,14,0,
1211,26,26-35,No,Research & Development,29,1,Marketing,Female,Laboratory Technician,3,5144,5k-10k,2,Yes,14,18,1,
1212,25,18-25,No,Sales,29,4,Technical Degree,Female,Sales Executive,3,1552,Upto 5k,6,No,39,4,11,
1213,40,36-45,No,Research & Development,6,2,Marketing,Female,Research Director,1,13188,10k-15k,2,No,29,18,0,
1214,53,46-55,No,Sales,17,1,Life Sciences,Male,Sales Executive,1,2946,Upto 5k,6,Yes,6,7,12,
1215,49,46-55,No,Research & Development,18,1,Human Resources,Male,Research Scientist,3,6304,5k-10k,7,Yes,9,27,0,
1216,39,36-45,Yes,Human Resources,17,1,Technical Degree,Female,Human Resources,1,2992,Upto 5k,3,Yes,29,14,10,
1217,36,36-45,No,Sales,16,3,Medical,Female,Sales Executive,2,12833,10k-15k,1,Yes,1,1,18,
1218,40,36-45,No,Research & Development,15,4,Other,Female,Laboratory Technician,3,18422,15k+,7,Yes,13,7,17,
1219,30,26-35,No,Sales,27,4,Marketing,Female,Sales Representative,4,7565,5k-10k,6,Yes,5,22,18,
1220,33,26-35,Yes,Sales,2,3,Technical Degree,Female,Manager,4,5529,5k-10k,1,No,21,30,18,
1221,25,18-25,No,Sales,22,4,Life Sciences,Female,Sales Executive,1,2657,Upto 5k,0,No,37,15,17,
1222,54,46-55,Yes,Human Resources,8,1,Marketing,Male,Human Resources,1,9832,5k-10k,4,Yes,37,19,15,
1223,51,46-55,No,Research & Development,3,2,Technical Degree,Female,Research Director,1,17148,15k+,6,No,38,35,9,
1224,42,36-45,No,Sales,10,1,Technical Degree,Female,Sales Representative,3,4262,Upto 5k,3,Yes,11,9,13,
1225,50,46-55,No,Sales,4,5,Technical Degree,Male,Sales Executive,1,10473,10k-15k,4,Yes,27,8,0,
1226,21,18-25,No,Sales,18,2,Life Sciences,Male,Sales Representative,4,17894,15k+,0,Yes,1,29,8,
1227,23,18-25,No,Sales,25,5,Human Resources,Female,Manager,2,8707,5k-10k,1,Yes,28,1,17,
1228,60,55+,No,Human Resources,28,1,Human Resources,Female,Manager,3,17653,15k+,4,Yes,10,1,14,
1229,50,46-55,No,Research & Development,17,3,Technical Degree,Male,Research Director,2,8639,5k-10k,0,Yes,16,34,1,
1230,38,36-45,No,Research & Development,6,2,Technical Degree,Male,Manufacturing Director,3,16508,15k+,9,No,5,5,5,
1231,55,46-55,No,Human Resources,14,5,Human Resources,Male,Manager,4,9860,5k-10k,6,No,40,3,8,
1232,40,36-45,No,Sales,26,1,Human Resources,Female,Manager,1,8514,5k-10k,5,No,2,7,17,
1233,29,26-35,No,Human Resources,26,5,Human Resources,Male,Human Resources,3,16974,15k+,6,No,6,18,18,
1234,29,26-35,Yes,Human Resources,20,4,Other,Female,Manager,4,10596,10k-15k,6,Yes,16,39,13,
1235,46,46-55,Yes,Sales,15,1,Medical,Female,Sales Representative,1,17767,15k+,6,Yes,10,19,18,
1236,44,36-45,No,Sales,1,5,Human Resources,Male,Manager,3,10018,10k-15k,8,No,34,32,7,
1237,45,36-45,No,Human Resources,5,5,Technical Degree,Male,Human Resources,4,5504,5k-10k,0,Yes,5,16,2,
1238,55,46-55,No,Sales,20,2,Medical,Female,Sales Executive,1,9135,5k-10k,3,Yes,30,22,0,
1239,33,26-35,No,Research & Development,17,1,Technical Degree,Female,Laboratory Technician,1,2434,Upto 5k,2,No,17,16,15,
1240,25,18-25,No,Sales,2,2,Other,Female,Sales Representative,3,4190,Upto 5k,0,No,25,4,15,
1241,22,18-25,No,Human Resources,20,5,Human Resources,Male,Manager,1,17901,15k+,6,No,35,8,3,
1242,46,46-55,No,Research & Development,4,2,Marketing,Male,Research Scientist,4,9875,5k-10k,6,No,34,26,17,
1243,55,46-55,No,Human Resources,10,5,Technical Degree,Female,Human Resources,1,13970,10k-15k,5,No,37,16,10,
1244,25,18-25,Yes,Human Resources,20,2,Life Sciences,Female,Human Resources,3,5067,5k-10k,3,No,2,22,3,
1245,23,18-25,Yes,Sales,20,5,Human Resources,Female,Sales Representative,2,14843,10k-15k,6,No,15,3,4,
1246,55,46-55,No,Sales,2,4,Technical Degree,Male,Manager,1,9516,5k-10k,0,No,8,19,16,
1247,29,26-35,No,Human Resources,13,3,Other,Female,Manager,4,2538,Upto 5k,7,No,3,18,13,
1248,18,18-25,No,Research & Development,12,4,Technical Degree,Female,Laboratory Technician,1,11182,10k-15k,9,No,19,20,7,
1249,56,55+,Yes,Sales,28,3,Marketing,Female,Manager,4,1946,Upto 5k,2,Yes,26,21,9,
1250,43,36-45,No,Sales,8,1,Life Sciences,Female,Sales Executive,2,11944,10k-15k,2,Yes,11,9,9,
1251,45,36-45,No,Sales,5,3,Human Resources,Male,Sales Representative,4,16675,15k+,0,Yes,5,11,8,
1252,23,18-25,No,Human Resources,9,5,Human Resources,Female,Human Resources,1,13206,10k-15k,0,Yes,6,30,18,
1253,48,46-55,Yes,Human Resources,28,1,Medical,Female,Manager,4,17204,15k+,0,No,28,8,13,
1254,58,55+,Yes,Research & Development,4,2,Life Sciences,Male,Laboratory Technician,3,14926,10k-15k,3,No,21,4,13,
1255,42,36-45,No,Research & Development,12,2,Marketing,Female,Research Director,2,18442,15k+,4,Yes,7,3,7,
1256,34,26-35,Yes,Human Resources,22,4,Marketing,Female,Manager,3,12862,10k-15k,4,No,21,9,6,
1257,26,26-35,No,Sales,15,3,Human Resources,Female,Sales Executive,1,7342,5k-10k,7,No,25,9,7,
1258,59,55+,No,Human Resources,7,5,Human Resources,Female,Manager,2,6451,5k-10k,1,No,22,0,17,
1259,56,55+,No,Sales,9,3,Other,Male,Sales Executive,1,13682,10k-15k,6,Yes,20,15,16,
1260,57,55+,No,Sales,29,3,Life Sciences,Male,Sales Representative,1,8518,5k-10k,8,Yes,25,21,15,
1261,50,46-55,No,Human Resources,6,3,Marketing,Female,Manager,3,3194,Upto 5k,4,No,27,3,17,
1262,41,36-45,No,Sales,7,4,Other,Male,Manager,1,3161,Upto 5k,5,Yes,38,7,4,
1263,50,46-55,No,Human Resources,24,4,Human Resources,Female,Manager,2,17793,15k+,9,Yes,19,16,15,
1264,48,46-55,No,Human Resources,22,2,Marketing,Female,Human Resources,2,4429,Upto 5k,0,Yes,38,17,12,
1265,29,26-35,No,Human Resources,27,5,Other,Male,Manager,4,9775,5k-10k,2,Yes,15,8,3,
1266,59,55+,Yes,Sales,27,2,Human Resources,Male,Sales Executive,2,19012,15k+,8,Yes,36,31,6,
1267,25,18-25,Yes,Sales,8,2,Life Sciences,Male,Sales Executive,1,2467,Upto 5k,8,No,29,7,12,
1268,19,18-25,No,Sales,28,5,Other,Female,Sales Executive,4,17643,15k+,1,Yes,35,5,9,
1269,42,36-45,Yes,Sales,24,2,Human Resources,Female,Sales Representative,3,4045,Upto 5k,3,Yes,37,18,1,
1270,44,36-45,No,Research & Development,10,4,Human Resources,Female,Healthcare Representative,1,19033,15k+,0,Yes,12,1,14,
1271,18,18-25,No,Research & Development,24,5,Technical Degree,Female,Laboratory Technician,1,13126,10k-15k,5,Yes,2,17,13,
1272,45,36-45,Yes,Human Resources,29,4,Marketing,Female,Manager,1,9803,5k-10k,1,Yes,18,0,14,
1273,24,18-25,No,Human Resources,19,3,Human Resources,Female,Manager,1,14068,10k-15k,8,Yes,23,35,6,
1274,53,46-55,No,Research & Development,13,5,Other,Female,Manufacturing Director,2,7629,5k-10k,6,No,0,18,7,
1275,53,46-55,No,Human Resources,19,1,Technical Degree,Female,Manager,1,19200,15k+,5,Yes,23,33,13,
1276,47,46-55,No,Sales,13,1,Other,Male,Sales Representative,2,3540,Upto 5k,0,Yes,8,27,11,
1277,54,46-55,No,Research & Development,10,1,Human Resources,Male,Research Director,3,19319,15k+,2,Yes,29,11,10,
1278,25,18-25,No,Human Resources,23,1,Other,Male,Manager,4,16091,15k+,4,No,38,11,2,
1279,59,55+,No,Sales,20,5,Technical Degree,Male,Manager,4,19069,15k+,4,Yes,10,9,15,
1280,55,46-55,Yes,Research & Development,23,3,Other,Female,Research Director,3,3439,Upto 5k,2,Yes,35,22,9,
1281,20,18-25,No,Research & Development,5,1,Human Resources,Male,Manufacturing Director,2,11451,10k-15k,5,No,0,27,0,
1282,22,18-25,No,Human Resources,29,3,Technical Degree,Female,Human Resources,1,14084,10k-15k,7,Yes,13,8,8,
1283,50,46-55,No,Research & Development,29,3,Life Sciences,Male,Laboratory Technician,1,6339,5k-10k,7,Yes,10,16,14,
1284,26,26-35,No,Sales,18,3,Life Sciences,Female,Sales Executive,1,14752,10k-15k,0,No,35,3,2,
1285,41,36-45,Yes,Sales,15,1,Other,Male,Manager,3,1033,Upto 5k,2,No,5,2,11,
1286,21,18-25,Yes,Sales,2,4,Life Sciences,Female,Sales Representative,3,19661,15k+,0,Yes,30,8,2,
1287,53,46-55,No,Human Resources,21,2,Human Resources,Female,Manager,4,11722,10k-15k,9,Yes,26,18,4,
1288,35,26-35,No,Human Resources,24,1,Human Resources,Male,Manager,4,16473,15k+,3,No,34,5,6,
1289,20,18-25,Yes,Human Resources,12,5,Other,Female,Human Resources,2,9448,5k-10k,2,Yes,29,18,6,
1290,46,46-55,No,Human Resources,27,2,Marketing,Male,Manager,4,9389,5k-10k,8,Yes,25,17,17,
1291,45,36-45,No,Research & Development,8,3,Marketing,Male,Research Scientist,3,15673,15k+,2,No,14,12,9,
1292,52,46-55,No,Research & Development,15,4,Marketing,Male,Laboratory Technician,4,2554,Upto 5k,5,No,39,21,11,
1293,43,36-45,No,Sales,24,1,Human Resources,Male,Sales Representative,3,6225,5k-10k,5,Yes,2,13,9,
1294,60,55+,Yes,Human Resources,3,1,Technical Degree,Female,Human Resources,1,4333,Upto 5k,9,Yes,9,14,9,
1295,42,36-45,Yes,Human Resources,1,4,Other,Female,Manager,2,2768,Upto 5k,5,No,5,11,0,
1296,26,26-35,No,Sales,26,5,Marketing,Male,Manager,1,6971,5k-10k,2,No,3,5,10,
1297,31,26-35,No,Sales,21,5,Marketing,Female,Sales Representative,3,6999,5k-10k,0,No,18,2,15,
1298,30,26-35,No,Sales,2,3,Other,Female,Sales Representative,1,5231,5k-10k,3,Yes,3,0,12,
1299,31,26-35,No,Research & Development,29,5,Life Sciences,Male,Research Director,3,10963,10k-15k,5,Yes,2,0,13,
1300,57,55+,Yes,Sales,10,5,Life Sciences,Male,Manager,3,10313,10k-15k,9,Yes,34,4,11,
1301,54,46-55,Yes,Sales,13,1,Life Sciences,Male,Sales Representative,4,12156,10k-15k,7,Yes,1,9,18,
1302,21,18-25,No,Research & Development,15,4,Marketing,Male,Research Director,2,3414,Upto 5k,7,No,8,13,6,
1303,37,36-45,Yes,Human Resources,13,4,Technical Degree,Female,Manager,2,13286,10k-15k,5,No,0,13,5,
1304,18,18-25,Yes,Human Resources,13,3,Marketing,Male,Manager,4,3388,Upto 5k,2,No,6,29,17,
1305,55,46-55,Yes,Research & Development,19,2,Medical,Male,Laboratory Technician,3,3003,Upto 5k,5,Yes,4,0,1,
1306,59,55+,No,Human Resources,1,5,Human Resources,Female,Human Resources,3,14820,10k-15k,3,Yes,9,2,2,
1307,46,46-55,No,Research & Development,1,3,Other,Female,Manufacturing Director,4,8207,5k-10k,5,No,20,8,5,
1308,55,46-55,Yes,Sales,2,2,Medical,Female,Sales Executive,2,14877,10k-15k,0,Yes,29,19,11,
1309,22,18-25,No,Human Resources,29,1,Other,Male,Human Resources,1,9383,5k-10k,7,Yes,5,22,5,
1310,53,46-55,Yes,Sales,23,2,Life Sciences,Male,Manager,1,1200,Upto 5k,5,Yes,33,11,15,
1311,41,36-45,No,Human Resources,25,1,Human Resources,Female,Human Resources,2,19531,15k+,8,No,21,6,17,
1312,55,46-55,No,Sales,23,4,Medical,Male,Manager,4,11254,10k-15k,8,Yes,3,21,7,
1313,56,55+,No,Research & Development,13,5,Medical,Female,Research Director,2,8076,5k-10k,8,No,21,4,1,
1314,50,46-55,No,Human Resources,16,2,Life Sciences,Male,Human Resources,2,5525,5k-10k,8,Yes,39,10,17,
1315,32,26-35,Yes,Sales,3,3,Marketing,Female,Manager,3,5432,5k-10k,3,Yes,33,7,2,
1316,54,46-55,No,Research & Development,24,1,Medical,Male,Healthcare Representative,2,7431,5k-10k,0,No,9,0,4,
1317,46,46-55,No,Sales,5,1,Medical,Female,Manager,2,17319,15k+,0,Yes,32,5,13,
1318,44,36-45,No,Research & Development,22,1,Marketing,Male,Research Scientist,4,9305,5k-10k,7,No,22,25,18,
1319,52,46-55,No,Sales,22,1,Other,Male,Manager,1,8348,5k-10k,6,Yes,30,8,12,
1320,28,26-35,Yes,Human Resources,26,1,Marketing,Male,Human Resources,3,18396,15k+,1,No,25,10,4,
1321,30,26-35,No,Human Resources,17,1,Marketing,Female,Human Resources,3,4883,Upto 5k,6,No,29,2,12,
1322,43,36-45,No,Sales,26,4,Marketing,Female,Manager,1,6012,5k-10k,4,No,16,5,1,
1323,43,36-45,No,Research & Development,7,2,Human Resources,Female,Manufacturing Director,3,7433,5k-10k,0,No,38,19,5,
1324,26,26-35,Yes,Research & Development,29,1,Life Sciences,Female,Laboratory Technician,2,6535,5k-10k,4,Yes,26,8,10,
1325,35,26-35,No,Human Resources,28,5,Other,Male,Manager,4,5957,5k-10k,9,Yes,39,6,4,
1326,37,36-45,No,Human Resources,13,3,Medical,Male,Human Resources,3,3773,Upto 5k,3,Yes,18,29,5,
1327,41,36-45,No,Research & Development,9,2,Life Sciences,Male,Research Scientist,1,18420,15k+,1,No,33,15,12,
1328,35,26-35,No,Sales,13,5,Other,Female,Sales Representative,4,13117,10k-15k,5,No,25,29,8,
1329,30,26-35,No,Human Resources,19,4,Marketing,Female,Manager,4,12812,10k-15k,9,No,4,15,6,
1330,23,18-25,No,Research & Development,1,5,Other,Male,Laboratory Technician,3,6802,5k-10k,9,No,32,5,10,
1331,56,55+,No,Sales,12,5,Technical Degree,Female,Sales Representative,3,5672,5k-10k,7,Yes,7,15,0,
1332,26,26-35,No,Research & Development,19,1,Marketing,Male,Healthcare Representative,4,8851,5k-10k,1,No,3,16,17,
1333,33,26-35,No,Human Resources,10,3,Marketing,Male,Human Resources,1,6158,5k-10k,7,No,14,26,7,
1334,19,18-25,No,Sales,24,1,Technical Degree,Female,Manager,2,1982,Upto 5k,2,Yes,5,23,17,
1335,53,46-55,Yes,Research & Development,12,3,Other,Male,Research Scientist,4,10202,10k-15k,8,No,16,17,15,
1336,49,46-55,No,Sales,27,1,Other,Female,Sales Executive,3,7356,5k-10k,2,Yes,28,10,14,
1337,45,36-45,No,Sales,7,4,Life Sciences,Male,Manager,3,14117,10k-15k,0,Yes,40,20,4,
1338,22,18-25,No,Research & Development,17,1,Life Sciences,Male,Research Director,2,1805,Upto 5k,7,Yes,8,4,9,
1339,47,46-55,No,Sales,20,3,Medical,Male,Sales Representative,2,7385,5k-10k,6,Yes,31,7,1,
1340,30,26-35,No,Sales,23,2,Human Resources,Female,Sales Executive,2,13389,10k-15k,0,Yes,36,39,15,
1341,26,26-35,No,Sales,29,2,Medical,Male,Sales Representative,2,13239,10k-15k,2,No,14,39,6,
1342,18,18-25,No,Human Resources,23,2,Marketing,Male,Human Resources,2,10415,10k-15k,3,No,27,5,16,
1343,48,46-55,No,Research & Development,18,4,Life Sciences,Male,Research Scientist,4,14012,10k-15k,9,No,7,5,5,
1344,20,18-25,No,Sales,5,4,Life Sciences,Female,Sales Representative,2,4233,Upto 5k,8,Yes,5,0,13,
1345,52,46-55,No,Human Resources,11,4,Marketing,Male,Manager,2,9463,5k-10k,3,Yes,9,9,5,
1346,58,55+,No,Human Resources,5,3,Human Resources,Male,Human Resources,2,4477,Upto 5k,2,No,25,3,12,
1347,39,36-45,No,Sales,29,4,Medical,Female,Manager,2,7916,5k-10k,1,Yes,34,3,8,
1348,35,26-35,Yes,Research & Development,22,3,Medical,Female,Manufacturing Director,1,4425,Upto 5k,8,No,9,0,2,
1349,29,26-35,No,Sales,10,4,Medical,Female,Sales Representative,3,14149,10k-15k,6,Yes,20,3,15,
1350,38,36-45,Yes,Sales,6,1,Marketing,Male,Sales Representative,4,9238,5k-10k,4,Yes,4,36,10,
1351,35,26-35,No,Research & Development,3,5,Other,Female,Manufacturing Director,2,1554,Upto 5k,9,No,28,35,15,
1352,21,18-25,No,Research & Development,1,3,Medical,Female,Laboratory Technician,2,16635,15k+,0,Yes,39,0,3,
1353,60,55+,Yes,Sales,7,5,Medical,Female,Manager,4,3942,Upto 5k,7,No,25,2,18,
1354,31,26-35,No,Human Resources,29,4,Medical,Male,Manager,2,3431,Upto 5k,2,No,24,1,14,
1355,51,46-55,No,Research & Development,18,4,Marketing,Male,Research Director,2,18523,15k+,9,No,12,7,2,
1356,39,36-45,Yes,Human Resources,17,5,Other,Female,Manager,2,11117,10k-15k,3,Yes,9,2,5,
1357,22,18-25,No,Sales,16,4,Marketing,Female,Manager,4,12533,10k-15k,4,No,0,1,0,
1358,53,46-55,No,Sales,18,4,Technical Degree,Female,Sales Representative,3,16213,15k+,9,No,37,25,9,
1359,30,26-35,No,Sales,2,3,Marketing,Male,Sales Representative,1,13637,10k-15k,6,Yes,22,20,7,
1360,20,18-25,No,Research & Development,20,2,Technical Degree,Female,Laboratory Technician,1,13652,10k-15k,1,No,8,17,12,
1361,31,26-35,No,Sales,24,1,Medical,Female,Sales Representative,3,2623,Upto 5k,1,Yes,33,10,14,
1362,45,36-45,No,Research & Development,28,3,Human Resources,Female,Laboratory Technician,3,10820,10k-15k,9,No,22,15,13,
1363,33,26-35,No,Human Resources,28,3,Other,Male,Manager,3,10782,10k-15k,4,Yes,19,21,3,
1364,56,55+,No,Research & Development,23,3,Marketing,Female,Research Director,3,9014,5k-10k,3,No,26,16,0,
1365,27,26-35,No,Human Resources,17,4,Medical,Female,Human Resources,2,8357,5k-10k,9,No,6,3,5,
1366,54,46-55,Yes,Sales,6,1,Technical Degree,Male,Sales Executive,4,15599,15k+,5,No,33,8,6,
1367,41,36-45,No,Research & Development,5,2,Life Sciences,Male,Manufacturing Director,1,12032,10k-15k,0,No,17,30,13,
1368,22,18-25,No,Research & Development,2,1,Medical,Female,Manufacturing Director,1,5862,5k-10k,2,Yes,13,29,10,
1369,51,46-55,No,Research & Development,11,4,Life Sciences,Female,Healthcare Representative,1,13832,10k-15k,9,Yes,4,12,11,
1370,30,26-35,No,Human Resources,8,1,Life Sciences,Male,Manager,3,9499,5k-10k,0,Yes,18,11,6,
1371,60,55+,No,Research & Development,7,3,Technical Degree,Female,Laboratory Technician,2,5447,5k-10k,4,No,13,2,0,
1372,60,55+,No,Research & Development,24,4,Human Resources,Male,Laboratory Technician,1,15770,15k+,8,No,9,36,8,
1373,21,18-25,No,Research & Development,16,4,Marketing,Male,Research Director,4,6013,5k-10k,4,Yes,2,5,6,
1374,27,26-35,No,Research & Development,27,3,Life Sciences,Male,Research Scientist,2,8483,5k-10k,8,No,27,25,10,
1375,39,36-45,Yes,Sales,17,2,Human Resources,Male,Sales Representative,1,6225,5k-10k,2,Yes,8,12,12,
1376,31,26-35,No,Human Resources,8,2,Marketing,Female,Human Resources,4,7698,5k-10k,7,Yes,7,0,14,
1377,46,46-55,No,Research & Development,20,5,Marketing,Female,Research Scientist,2,14987,10k-15k,0,Yes,17,9,6,
1378,29,26-35,No,Sales,9,4,Medical,Male,Sales Executive,1,8563,5k-10k,3,No,8,2,4,
1379,47,46-55,No,Human Resources,26,1,Life Sciences,Female,Manager,2,3231,Upto 5k,2,Yes,18,3,11,
1380,44,36-45,No,Sales,25,1,Technical Degree,Female,Sales Representative,3,9485,5k-10k,4,No,6,34,5,
1381,42,36-45,No,Research & Development,18,4,Medical,Female,Research Scientist,2,12788,10k-15k,5,Yes,11,9,10,
1382,55,46-55,No,Human Resources,18,3,Other,Female,Human Resources,2,12247,10k-15k,3,No,15,24,6,
1383,22,18-25,Yes,Research & Development,3,1,Life Sciences,Female,Research Director,1,7104,5k-10k,3,No,35,6,1,
1384,47,46-55,No,Human Resources,2,2,Human Resources,Male,Human Resources,3,2621,Upto 5k,1,No,22,11,10,
1385,49,46-55,No,Human Resources,29,4,Technical Degree,Female,Human Resources,2,4343,Upto 5k,3,No,11,10,0,
1386,27,26-35,No,Research & Development,13,3,Other,Female,Healthcare Representative,4,5729,5k-10k,3,Yes,0,7,6,
1387,36,36-45,No,Sales,27,1,Marketing,Female,Sales Representative,3,10897,10k-15k,0,No,29,1,5,
1388,57,55+,No,Sales,3,5,Marketing,Male,Sales Representative,4,13370,10k-15k,7,No,39,11,12,
1389,28,26-35,No,Research & Development,6,4,Technical Degree,Female,Laboratory Technician,3,11372,10k-15k,2,Yes,22,26,4,
1390,23,18-25,No,Sales,5,5,Medical,Male,Sales Representative,3,14086,10k-15k,9,Yes,9,22,9,
1391,38,36-45,Yes,Sales,19,3,Marketing,Female,Sales Executive,2,14451,10k-15k,6,Yes,29,9,13,
1392,36,36-45,No,Sales,3,3,Other,Female,Manager,1,6894,5k-10k,8,No,6,2,6,
1393,32,26-35,Yes,Human Resources,19,5,Medical,Male,Human Resources,1,18639,15k+,1,Yes,9,2,5,
1394,36,36-45,No,Sales,18,2,Technical Degree,Female,Sales Representative,4,17756,15k+,6,No,0,6,18,
1395,38,36-45,No,Sales,13,3,Marketing,Male,Manager,1,9589,5k-10k,0,No,11,35,16,
1396,58,55+,No,Research & Development,11,5,Marketing,Female,Manufacturing Director,4,18184,15k+,4,No,19,7,13,
1397,31,26-35,Yes,Human Resources,5,4,Medical,Male,Human Resources,1,10705,10k-15k,3,Yes,1,11,2,
1398,28,26-35,Yes,Sales,4,3,Other,Female,Sales Representative,1,9288,5k-10k,1,No,39,28,4,
1399,57,55+,No,Research & Development,4,2,Human Resources,Male,Research Director,1,10099,10k-15k,8,Yes,3,14,13,
1400,19,18-25,Yes,Research & Development,12,2,Other,Male,Manufacturing Director,3,6508,5k-10k,3,No,12,0,0,
1401,38,36-45,No,Research & Development,17,2,Human Resources,Male,Research Scientist,3,6880,5k-10k,8,Yes,26,17,5,
1402,21,18-25,No,Human Resources,14,2,Technical Degree,Female,Human Resources,2,15781,15k+,3,Yes,35,13,16,
1403,31,26-35,No,Human Resources,24,1,Human Resources,Female,Manager,1,8028,5k-10k,8,No,11,25,14,
1404,45,36-45,No,Sales,4,1,Life Sciences,Male,Sales Executive,2,19092,15k+,8,Yes,12,14,4,
1405,52,46-55,No,Sales,6,4,Other,Male,Manager,4,17649,15k+,5,Yes,25,14,15,
1406,59,55+,No,Research & Development,24,3,Human Resources,Male,Research Scientist,1,2423,Upto 5k,8,Yes,17,15,2,
1407,47,46-55,Yes,Human Resources,17,1,Marketing,Female,Human Resources,2,15568,15k+,8,No,22,26,5,
1408,27,26-35,No,Human Resources,27,4,Human Resources,Female,Human Resources,2,13805,10k-15k,9,No,36,6,4,
1409,31,26-35,No,Research & Development,19,2,Marketing,Female,Manufacturing Director,2,11094,10k-15k,9,No,27,39,0,
1410,26,26-35,Yes,Research & Development,9,4,Medical,Female,Healthcare Representative,4,19983,15k+,9,No,4,28,18,
1411,49,46-55,Yes,Human Resources,26,5,Technical Degree,Female,Manager,4,1707,Upto 5k,4,No,39,35,9,
1412,22,18-25,No,Research & Development,26,5,Marketing,Male,Healthcare Representative,4,17680,15k+,7,Yes,18,12,16,
1413,31,26-35,No,Human Resources,18,1,Technical Degree,Female,Manager,1,14063,10k-15k,4,No,20,0,5,
1414,18,18-25,Yes,Human Resources,29,1,Medical,Female,Manager,2,11704,10k-15k,7,Yes,25,10,9,
1415,19,18-25,No,Human Resources,27,3,Marketing,Male,Human Resources,2,18837,15k+,0,Yes,2,11,15,
1416,53,46-55,No,Research & Development,16,3,Other,Male,Research Director,3,8764,5k-10k,6,Yes,0,9,14,
1417,21,18-25,Yes,Research & Development,12,4,Other,Female,Research Scientist,1,1020,Upto 5k,9,No,13,1,11,
1418,24,18-25,No,Research & Development,7,4,Human Resources,Female,Healthcare Representative,4,19283,15k+,7,Yes,32,16,0,
1419,51,46-55,No,Human Resources,21,1,Life Sciences,Male,Human Resources,2,16469,15k+,6,No,7,3,7,
1420,37,36-45,No,Research & Development,2,4,Technical Degree,Female,Healthcare Representative,3,9259,5k-10k,6,No,23,8,9,
1421,27,26-35,No,Sales,12,5,Human Resources,Female,Sales Representative,4,5130,5k-10k,2,No,27,7,5,
1422,56,55+,Yes,Sales,21,3,Technical Degree,Male,Sales Executive,3,1259,Upto 5k,7,No,30,21,9,
1423,38,36-45,No,Human Resources,14,3,Medical,Male,Manager,2,13201,10k-15k,8,Yes,20,0,15,
1424,36,36-45,No,Sales,6,5,Life Sciences,Male,Sales Executive,2,11912,10k-15k,6,Yes,11,5,2,
1425,33,26-35,No,Human Resources,16,2,Technical Degree,Female,Manager,2,5691,5k-10k,9,No,35,20,10,
1426,28,26-35,No,Human Resources,6,3,Medical,Female,Manager,1,6929,5k-10k,6,Yes,32,20,15,
1427,23,18-25,Yes,Research & Development,2,5,Other,Male,Research Director,3,15700,15k+,4,Yes,16,4,14,
1428,48,46-55,No,Research & Development,12,2,Marketing,Female,Healthcare Representative,3,8547,5k-10k,1,No,7,22,18,
1429,47,46-55,No,Research & Development,29,5,Medical,Male,Research Director,3,7535,5k-10k,3,No,32,16,0,
1430,25,18-25,No,Sales,28,1,Other,Male,Sales Executive,2,18362,15k+,8,Yes,27,2,16,
1431,52,46-55,Yes,Research & Development,26,2,Technical Degree,Female,Research Director,2,6737,5k-10k,0,No,35,27,5,
1432,38,36-45,No,Research & Development,10,4,Marketing,Male,Research Scientist,3,6948,5k-10k,3,No,32,3,3,
1433,40,36-45,No,Human Resources,9,4,Technical Degree,Male,Human Resources,4,14921,10k-15k,7,No,10,30,12,
1434,37,36-45,No,Human Resources,5,5,Human Resources,Female,Human Resources,4,8355,5k-10k,6,No,21,3,18,
1435,20,18-25,No,Human Resources,18,3,Technical Degree,Male,Human Resources,1,4675,Upto 5k,8,Yes,21,3,3,
1436,52,46-55,No,Human Resources,10,2,Other,Female,Human Resources,4,14421,10k-15k,4,No,39,33,14,
1437,46,46-55,No,Human Resources,12,4,Marketing,Female,Manager,2,6593,5k-10k,8,Yes,37,3,5,
1438,46,46-55,No,Sales,29,1,Medical,Female,Sales Executive,2,16163,15k+,9,No,5,29,0,
1439,51,46-55,No,Research & Development,26,1,Marketing,Male,Research Director,4,10805,10k-15k,7,Yes,33,16,16,
1440,29,26-35,Yes,Sales,17,5,Marketing,Female,Sales Executive,1,8131,5k-10k,1,Yes,39,31,17,
1441,39,36-45,No,Sales,1,5,Other,Male,Sales Representative,1,19888,15k+,7,No,36,0,11,
1442,53,46-55,No,Research & Development,8,3,Life Sciences,Female,Laboratory Technician,1,14933,10k-15k,7,Yes,20,12,4,
1443,19,18-25,No,Human Resources,26,5,Life Sciences,Male,Manager,2,4982,Upto 5k,8,Yes,36,7,9,
1444,38,36-45,No,Sales,14,1,Human Resources,Male,Manager,3,12454,10k-15k,8,Yes,32,7,1,
1445,21,18-25,No,Research & Development,15,2,Technical Degree,Male,Healthcare Representative,3,5444,5k-10k,8,No,13,19,12,
1446,23,18-25,No,Sales,20,4,Human Resources,Male,Sales Representative,2,8111,5k-10k,5,Yes,39,3,0,
1447,52,46-55,Yes,Human Resources,21,3,Technical Degree,Male,Manager,1,11543,10k-15k,5,No,24,15,18,
1448,29,26-35,No,Research & Development,4,1,Technical Degree,Female,Research Director,2,12700,10k-15k,6,Yes,8,22,7,
1449,29,26-35,No,Research & Development,18,5,Technical Degree,Female,Manufacturing Director,4,15972,15k+,0,No,15,1,5,
1450,42,36-45,Yes,Human Resources,23,4,Life Sciences,Male,Human Resources,1,9352,5k-10k,9,No,20,16,6,
1451,58,55+,No,Research & Development,2,3,Life Sciences,Male,Research Director,2,10817,10k-15k,8,Yes,8,26,6,
1452,27,26-35,Yes,Sales,5,5,Life Sciences,Female,Sales Representative,3,16945,15k+,4,No,7,26,18,
1453,38,36-45,No,Sales,19,1,Technical Degree,Female,Manager,4,7927,5k-10k,4,Yes,36,1,5,
1454,57,55+,No,Human Resources,28,3,Marketing,Male,Manager,2,17683,15k+,5,No,8,29,3,
1455,30,26-35,No,Research & Development,18,1,Life Sciences,Female,Healthcare Representative,3,1697,Upto 5k,0,Yes,19,13,18,
1456,50,46-55,No,Human Resources,15,3,Human Resources,Male,Human Resources,2,17168,15k+,3,No,18,13,14,
1457,24,18-25,No,Sales,20,1,Marketing,Male,Sales Representative,4,8620,5k-10k,0,Yes,34,0,12,
1458,34,26-35,No,Sales,3,2,Medical,Male,Sales Representative,1,6467,5k-10k,5,No,29,2,0,
1459,22,18-25,No,Research & Development,16,5,Other,Female,Healthcare Representative,1,1644,Upto 5k,9,Yes,10,3,11,
1460,59,55+,No,Sales,23,5,Marketing,Male,Manager,2,3466,Upto 5k,2,No,34,3,0,
1461,27,26-35,No,Human Resources,19,4,Medical,Male,Manager,2,13772,10k-15k,5,Yes,31,16,4,
1462,18,18-25,Yes,Sales,4,1,Human Resources,Male,Sales Representative,1,9684,5k-10k,3,No,24,13,13,
1463,42,36-45,No,Sales,5,5,Technical Degree,Female,Manager,2,8048,5k-10k,0,Yes,2,2,10,
1464,44,36-45,No,Sales,7,4,Human Resources,Male,Sales Representative,1,5441,5k-10k,5,No,30,4,10,
1465,24,18-25,Yes,Sales,26,5,Life Sciences,Male,Sales Executive,4,17217,15k+,3,No,5,12,1,
1466,28,26-35,Yes,Human Resources,18,4,Human Resources,Male,Manager,4,6250,5k-10k,1,No,31,5,5,
1467,34,26-35,No,Sales,26,1,Technical Degree,Male,Sales Executive,2,11361,10k-15k,8,Yes,30,0,14,
1468,33,26-35,No,Research & Development,5,2,Marketing,Female,Healthcare Representative,2,14338,10k-15k,2,No,9,3,12,
1469,39,36-45,No,Sales,9,1,Medical,Male,Sales Executive,3,6933,5k-10k,4,No,30,11,12,
1470,31,26-35,No,Human Resources,12,3,Life Sciences,Male,Human Resources,2,6984,5k-10k,7,No,5,26,9,
